2026/09/25 01:14:31.192, 0, 2070 MHz, 3996 MHz, 237.08 W, 33, 0 %, 0x0000000000000000
2026/09/25 01:14:31.200, 1, 2070 MHz, 3996 MHz, 234.37 W, 33, 0 %, 0x0000000000000000
2026/09/25 01:14:31.203, 2, 2070 MHz, 3996 MHz, 233.15 W, 33, 0 %, 0x0000000000000000
2026/09/25 01:14:31.206, 3, 2070 MHz, 3996 MHz, 233.28 W, 33, 0 %, 0x0000000000000000
2026/09/25 01:14:31.409, 0, 2070 MHz, 3996 MHz, 237.31 W, 33, 1 %, 0x0000000000000000
2026/09/25 01:14:31.409, 1, 2070 MHz, 3996 MHz, 234.68 W, 33, 1 %, 0x0000000000000000
2026/09/25 01:14:31.409, 2, 2070 MHz, 3996 MHz, 233.47 W, 33, 0 %, 0x0000000000000000
2026/09/25 01:14:31.409, 3, 2070 MHz, 3996 MHz, 233.31 W, 33, 0 %, 0x0000000000000000
2026/09/25 01:14:31.609, 0, 2070 MHz, 3996 MHz, 237.08 W, 33, 0 %, 0x0000000000000000
2026/09/25 01:14:31.609, 1, 2070 MHz, 3996 MHz, 234.68 W, 33, 0 %, 0x0000000000000000
2026/09/25 01:14:31.609, 2, 2070 MHz, 3996 MHz, 233.09 W, 33, 0 %, 0x0000000000000000
2026/09/25 01:14:31.609, 3, 2070 MHz, 3996 MHz, 232.86 W, 33, 0 %, 0x0000000000000000
2026/09/25 01:14:31.809, 0, 2070 MHz, 3996 MHz, 236.81 W, 33, 0 %, 0x0000000000000000
2026/09/25 01:14:31.810, 1, 2070 MHz, 3996 MHz, 234.69 W, 33, 0 %, 0x0000000000000000
2026/09/25 01:14:31.810, 2, 2070 MHz, 3996 MHz, 232.83 W, 33, 0 %, 0x0000000000000000
2026/09/25 01:14:31.810, 3, 2070 MHz, 3996 MHz, 232.32 W, 33, 0 %, 0x0000000000000000
2026/09/25 01:14:32.010, 0, 2070 MHz, 3996 MHz, 237.23 W, 33, 0 %, 0x0000000000000000
2026/09/25 01:14:32.010, 1, 2070 MHz, 3996 MHz, 234.92 W, 33, 0 %, 0x0000000000000000
2026/09/25 01:14:32.010, 2, 2070 MHz, 3996 MHz, 232.81 W, 33, 0 %, 0x0000000000000000
2026/09/25 01:14:32.010, 3, 2070 MHz, 3996 MHz, 232.90 W, 33, 0 %, 0x0000000000000000
2026/09/25 01:14:32.210, 0, 2070 MHz, 3996 MHz, 236.97 W, 33, 0 %, 0x0000000000000000
2026/09/25 01:14:32.210, 1, 2070 MHz, 3996 MHz, 234.93 W, 33, 0 %, 0x0000000000000000
2026/09/25 01:14:32.210, 2, 2070 MHz, 3996 MHz, 232.67 W, 33, 0 %, 0x0000000000000000
2026/09/25 01:14:32.210, 3, 2070 MHz, 3996 MHz, 232.66 W, 33, 0 %, 0x0000000000000000
2026/09/25 01:14:32.410, 0, 2070 MHz, 3996 MHz, 236.89 W, 33, 16 %, 0x0000000000000000
2026/09/25 01:14:32.410, 1, 2070 MHz, 3996 MHz, 234.77 W, 33, 18 %, 0x0000000000000000
2026/09/25 01:14:32.410, 2, 2070 MHz, 3996 MHz, 232.41 W, 33, 0 %, 0x0000000000000000
2026/09/25 01:14:32.410, 3, 2070 MHz, 3996 MHz, 232.51 W, 33, 0 %, 0x0000000000000000
2026/09/25 01:14:32.610, 0, 2070 MHz, 3996 MHz, 237.05 W, 33, 0 %, 0x0000000000000000
2026/09/25 01:14:32.610, 1, 2070 MHz, 3996 MHz, 234.77 W, 33, 0 %, 0x0000000000000000
2026/09/25 01:14:32.610, 2, 2070 MHz, 3996 MHz, 232.83 W, 33, 0 %, 0x0000000000000000
2026/09/25 01:14:32.610, 3, 2070 MHz, 3996 MHz, 232.55 W, 33, 0 %, 0x0000000000000000
2026/09/25 01:14:32.810, 0, 2070 MHz, 3996 MHz, 238.15 W, 33, 0 %, 0x0000000000000000
2026/09/25 01:14:32.810, 1, 2070 MHz, 3996 MHz, 236.13 W, 34, 12 %, 0x0000000000000000
2026/09/25 01:14:32.810, 2, 2070 MHz, 3996 MHz, 233.98 W, 33, 1 %, 0x0000000000000000
2026/09/25 01:14:32.810, 3, 2070 MHz, 3996 MHz, 234.52 W, 33, 0 %, 0x0000000000000000
2026/09/25 01:14:33.010, 0, 2070 MHz, 3996 MHz, 237.54 W, 33, 0 %, 0x0000000000000000
2026/09/25 01:14:33.010, 1, 2070 MHz, 3996 MHz, 236.01 W, 33, 0 %, 0x0000000000000000
2026/09/25 01:14:33.010, 2, 2070 MHz, 3996 MHz, 233.52 W, 33, 0 %, 0x0000000000000000
2026/09/25 01:14:33.010, 3, 2070 MHz, 3996 MHz, 233.99 W, 33, 1 %, 0x0000000000000000
2026/09/25 01:14:33.210, 0, 2070 MHz, 3996 MHz, 238.29 W, 33, 0 %, 0x0000000000000000
2026/09/25 01:14:33.210, 1, 2070 MHz, 3996 MHz, 235.98 W, 33, 0 %, 0x0000000000000000
2026/09/25 01:14:33.210, 2, 2070 MHz, 3996 MHz, 244.99 W, 33, 25 %, 0x0000000000000000
2026/09/25 01:14:33.210, 3, 2070 MHz, 3996 MHz, 234.44 W, 33, 0 %, 0x0000000000000000
2026/09/25 01:14:33.411, 0, 2070 MHz, 3996 MHz, 287.43 W, 37, 46 %, 0x0000000000000000
2026/09/25 01:14:33.411, 1, 2070 MHz, 3996 MHz, 275.64 W, 37, 61 %, 0x0000000000000000
2026/09/25 01:14:33.411, 2, 2070 MHz, 3996 MHz, 294.80 W, 36, 91 %, 0x0000000000000000
2026/09/25 01:14:33.411, 3, 2070 MHz, 3996 MHz, 289.89 W, 36, 10 %, 0x0000000000000000
2026/09/25 01:14:33.611, 0, 2070 MHz, 3996 MHz, 332.30 W, 36, 99 %, 0x0000000000000000
2026/09/25 01:14:33.611, 1, 2070 MHz, 3996 MHz, 324.06 W, 36, 99 %, 0x0000000000000000
2026/09/25 01:14:33.611, 2, 2070 MHz, 3996 MHz, 337.82 W, 36, 99 %, 0x0000000000000000
2026/09/25 01:14:33.611, 3, 2070 MHz, 3996 MHz, 335.38 W, 36, 90 %, 0x0000000000000000
2026/09/25 01:14:33.811, 0, 2070 MHz, 3996 MHz, 380.82 W, 36, 100 %, 0x0000000000000000
2026/09/25 01:14:33.811, 1, 2070 MHz, 3996 MHz, 366.65 W, 36, 99 %, 0x0000000000000000
2026/09/25 01:14:33.811, 2, 2070 MHz, 3996 MHz, 383.19 W, 36, 100 %, 0x0000000000000000
2026/09/25 01:14:33.811, 3, 2070 MHz, 3996 MHz, 376.83 W, 36, 100 %, 0x0000000000000000
2026/09/25 01:14:34.011, 0, 2070 MHz, 3996 MHz, 428.87 W, 36, 100 %, 0x0000000000000000
2026/09/25 01:14:34.011, 1, 2070 MHz, 3996 MHz, 415.43 W, 36, 99 %, 0x0000000000000000
2026/09/25 01:14:34.011, 2, 2070 MHz, 3996 MHz, 429.77 W, 37, 99 %, 0x0000000000000000
2026/09/25 01:14:34.011, 3, 2070 MHz, 3996 MHz, 427.23 W, 36, 99 %, 0x0000000000000000
2026/09/25 01:14:34.211, 0, 2070 MHz, 3996 MHz, 472.71 W, 37, 99 %, 0x0000000000000000
2026/09/25 01:14:34.211, 1, 2070 MHz, 3996 MHz, 462.03 W, 37, 99 %, 0x0000000000000000
2026/09/25 01:14:34.211, 2, 2070 MHz, 3996 MHz, 469.80 W, 37, 99 %, 0x0000000000000000
2026/09/25 01:14:34.211, 3, 2070 MHz, 3996 MHz, 473.93 W, 37, 99 %, 0x0000000000000000
2026/09/25 01:14:34.411, 0, 2070 MHz, 3996 MHz, 472.70 W, 38, 52 %, 0x0000000000000000
2026/09/25 01:14:34.411, 1, 2070 MHz, 3996 MHz, 467.10 W, 38, 69 %, 0x0000000000000000
2026/09/25 01:14:34.411, 2, 2070 MHz, 3996 MHz, 472.41 W, 39, 71 %, 0x0000000000000000
2026/09/25 01:14:34.411, 3, 2070 MHz, 3996 MHz, 468.07 W, 38, 100 %, 0x0000000000000000
2026/09/25 01:14:34.611, 0, 2070 MHz, 3996 MHz, 481.06 W, 37, 63 %, 0x0000000000000000
2026/09/25 01:14:34.611, 1, 2070 MHz, 3996 MHz, 474.04 W, 37, 94 %, 0x0000000000000000
2026/09/25 01:14:34.611, 2, 2070 MHz, 3996 MHz, 479.62 W, 37, 99 %, 0x0000000000000000
2026/09/25 01:14:34.611, 3, 2070 MHz, 3996 MHz, 474.10 W, 37, 83 %, 0x0000000000000000
2026/09/25 01:14:34.811, 0, 2070 MHz, 3996 MHz, 480.20 W, 37, 99 %, 0x0000000000000000
2026/09/25 01:14:34.811, 1, 2070 MHz, 3996 MHz, 473.89 W, 37, 99 %, 0x0000000000000000
2026/09/25 01:14:34.811, 2, 2070 MHz, 3996 MHz, 478.75 W, 37, 99 %, 0x0000000000000000
2026/09/25 01:14:34.811, 3, 2070 MHz, 3996 MHz, 476.26 W, 37, 100 %, 0x0000000000000000
2026/09/25 01:14:35.012, 0, 2070 MHz, 3996 MHz, 479.77 W, 37, 99 %, 0x0000000000000000
2026/09/25 01:14:35.012, 1, 2070 MHz, 3996 MHz, 473.96 W, 37, 99 %, 0x0000000000000000
2026/09/25 01:14:35.012, 2, 2070 MHz, 3996 MHz, 477.65 W, 37, 99 %, 0x0000000000000000
2026/09/25 01:14:35.012, 3, 2070 MHz, 3996 MHz, 476.75 W, 37, 100 %, 0x0000000000000000
2026/09/25 01:14:35.212, 0, 2070 MHz, 3996 MHz, 478.58 W, 37, 99 %, 0x0000000000000000
2026/09/25 01:14:35.212, 1, 2070 MHz, 3996 MHz, 474.54 W, 37, 99 %, 0x0000000000000000
2026/09/25 01:14:35.212, 2, 2070 MHz, 3996 MHz, 477.07 W, 37, 99 %, 0x0000000000000000
2026/09/25 01:14:35.212, 3, 2070 MHz, 3996 MHz, 476.82 W, 37, 100 %, 0x0000000000000000
2026/09/25 01:14:35.412, 0, 2070 MHz, 3996 MHz, 474.61 W, 37, 99 %, 0x0000000000000000
2026/09/25 01:14:35.412, 1, 2070 MHz, 3996 MHz, 475.86 W, 37, 96 %, 0x0000000000000000
2026/09/25 01:14:35.412, 2, 2070 MHz, 3996 MHz, 468.04 W, 37, 68 %, 0x0000000000000000
2026/09/25 01:14:35.412, 3, 2070 MHz, 3996 MHz, 471.94 W, 37, 99 %, 0x0000000000000000
2026/09/25 01:14:35.612, 0, 2070 MHz, 3996 MHz, 482.23 W, 39, 38 %, 0x0000000000000000
2026/09/25 01:14:35.612, 1, 2070 MHz, 3996 MHz, 467.01 W, 39, 92 %, 0x0000000000000000
2026/09/25 01:14:35.612, 2, 2070 MHz, 3996 MHz, 471.30 W, 38, 94 %, 0x0000000000000000
2026/09/25 01:14:35.612, 3, 2070 MHz, 3996 MHz, 478.92 W, 39, 69 %, 0x0000000000000000
2026/09/25 01:14:35.812, 0, 2070 MHz, 3996 MHz, 484.50 W, 37, 99 %, 0x0000000000000000
2026/09/25 01:14:35.812, 1, 2070 MHz, 3996 MHz, 466.75 W, 37, 99 %, 0x0000000000000000
2026/09/25 01:14:35.812, 2, 2070 MHz, 3996 MHz, 471.91 W, 38, 99 %, 0x0000000000000000
2026/09/25 01:14:35.812, 3, 2070 MHz, 3996 MHz, 478.30 W, 37, 93 %, 0x0000000000000000
2026/09/25 01:14:36.012, 0, 2070 MHz, 3996 MHz, 487.65 W, 37, 99 %, 0x0000000000000000
2026/09/25 01:14:36.012, 1, 2070 MHz, 3996 MHz, 466.41 W, 37, 99 %, 0x0000000000000000
2026/09/25 01:14:36.012, 2, 2070 MHz, 3996 MHz, 474.25 W, 38, 99 %, 0x0000000000000000
2026/09/25 01:14:36.012, 3, 2070 MHz, 3996 MHz, 476.86 W, 37, 99 %, 0x0000000000000000
2026/09/25 01:14:36.212, 0, 2070 MHz, 3996 MHz, 491.01 W, 37, 99 %, 0x0000000000000000
2026/09/25 01:14:36.212, 1, 2070 MHz, 3996 MHz, 466.05 W, 37, 99 %, 0x0000000000000000
2026/09/25 01:14:36.212, 2, 2070 MHz, 3996 MHz, 475.63 W, 38, 99 %, 0x0000000000000000
2026/09/25 01:14:36.212, 3, 2070 MHz, 3996 MHz, 477.41 W, 37, 99 %, 0x0000000000000000
2026/09/25 01:14:36.412, 0, 2070 MHz, 3996 MHz, 498.85 W, 37, 99 %, 0x0000000000000000
2026/09/25 01:14:36.412, 1, 2070 MHz, 3996 MHz, 466.26 W, 37, 99 %, 0x0000000000000000
2026/09/25 01:14:36.412, 2, 2070 MHz, 3996 MHz, 481.09 W, 37, 94 %, 0x0000000000000000
2026/09/25 01:14:36.412, 3, 2070 MHz, 3996 MHz, 485.06 W, 37, 99 %, 0x0000000000000000
2026/09/25 01:14:36.613, 0, 2070 MHz, 3996 MHz, 486.02 W, 38, 43 %, 0x0000000000000000
2026/09/25 01:14:36.613, 1, 2070 MHz, 3996 MHz, 466.41 W, 38, 75 %, 0x0000000000000000
2026/09/25 01:14:36.613, 2, 2070 MHz, 3996 MHz, 482.63 W, 39, 87 %, 0x0000000000000000
2026/09/25 01:14:36.613, 3, 2070 MHz, 3996 MHz, 474.47 W, 38, 100 %, 0x0000000000000000
2026/09/25 01:14:36.813, 0, 2070 MHz, 3996 MHz, 486.53 W, 38, 68 %, 0x0000000000000000
2026/09/25 01:14:36.813, 1, 2070 MHz, 3996 MHz, 473.64 W, 37, 94 %, 0x0000000000000000
2026/09/25 01:14:36.813, 2, 2070 MHz, 3996 MHz, 479.68 W, 38, 99 %, 0x0000000000000000
2026/09/25 01:14:36.813, 3, 2070 MHz, 3996 MHz, 475.07 W, 38, 89 %, 0x0000000000000000
2026/09/25 01:14:37.013, 0, 2070 MHz, 3996 MHz, 478.68 W, 37, 97 %, 0x0000000000000000
2026/09/25 01:14:37.013, 1, 2070 MHz, 3996 MHz, 470.22 W, 37, 99 %, 0x0000000000000000
2026/09/25 01:14:37.013, 2, 2070 MHz, 3996 MHz, 474.20 W, 38, 99 %, 0x0000000000000000
2026/09/25 01:14:37.013, 3, 2070 MHz, 3996 MHz, 472.52 W, 37, 98 %, 0x0000000000000000
2026/09/25 01:14:37.213, 0, 2070 MHz, 3996 MHz, 470.80 W, 37, 97 %, 0x0000000000000000
2026/09/25 01:14:37.213, 1, 2070 MHz, 3996 MHz, 466.73 W, 37, 99 %, 0x0000000000000000
2026/09/25 01:14:37.213, 2, 2070 MHz, 3996 MHz, 469.92 W, 37, 98 %, 0x0000000000000000
2026/09/25 01:14:37.213, 3, 2070 MHz, 3996 MHz, 469.13 W, 37, 99 %, 0x0000000000000000
2026/09/25 01:14:37.413, 0, 2070 MHz, 3996 MHz, 460.62 W, 37, 97 %, 0x0000000000000000
2026/09/25 01:14:37.413, 1, 2070 MHz, 3996 MHz, 462.36 W, 37, 99 %, 0x0000000000000000
2026/09/25 01:14:37.413, 2, 2070 MHz, 3996 MHz, 462.79 W, 37, 99 %, 0x0000000000000000
2026/09/25 01:14:37.413, 3, 2070 MHz, 3996 MHz, 463.39 W, 37, 98 %, 0x0000000000000000
2026/09/25 01:14:37.613, 0, 2070 MHz, 3996 MHz, 449.75 W, 37, 93 %, 0x0000000000000000
2026/09/25 01:14:37.613, 1, 2070 MHz, 3996 MHz, 452.95 W, 37, 69 %, 0x0000000000000000
2026/09/25 01:14:37.613, 2, 2070 MHz, 3996 MHz, 447.51 W, 39, 44 %, 0x0000000000000000
2026/09/25 01:14:37.613, 3, 2070 MHz, 3996 MHz, 449.47 W, 36, 99 %, 0x0000000000000000
2026/09/25 01:14:37.813, 0, 2070 MHz, 3996 MHz, 457.56 W, 39, 39 %, 0x0000000000000000
2026/09/25 01:14:37.813, 1, 2070 MHz, 3996 MHz, 453.58 W, 38, 88 %, 0x0000000000000000
2026/09/25 01:14:37.813, 2, 2070 MHz, 3996 MHz, 456.33 W, 38, 99 %, 0x0000000000000000
2026/09/25 01:14:37.813, 3, 2070 MHz, 3996 MHz, 463.56 W, 39, 36 %, 0x0000000000000000
2026/09/25 01:14:38.013, 0, 2070 MHz, 3996 MHz, 462.38 W, 37, 100 %, 0x0000000000000000
2026/09/25 01:14:38.013, 1, 2070 MHz, 3996 MHz, 455.94 W, 37, 99 %, 0x0000000000000000
2026/09/25 01:14:38.013, 2, 2070 MHz, 3996 MHz, 460.98 W, 38, 99 %, 0x0000000000000000
2026/09/25 01:14:38.013, 3, 2070 MHz, 3996 MHz, 466.88 W, 37, 95 %, 0x0000000000000000
2026/09/25 01:14:38.214, 0, 2070 MHz, 3996 MHz, 467.48 W, 37, 99 %, 0x0000000000000000
2026/09/25 01:14:38.214, 1, 2070 MHz, 3996 MHz, 459.02 W, 37, 99 %, 0x0000000000000000
2026/09/25 01:14:38.214, 2, 2070 MHz, 3996 MHz, 465.03 W, 38, 99 %, 0x0000000000000000
2026/09/25 01:14:38.214, 3, 2070 MHz, 3996 MHz, 470.72 W, 37, 99 %, 0x0000000000000000
2026/09/25 01:14:38.414, 0, 2070 MHz, 3996 MHz, 473.61 W, 37, 99 %, 0x0000000000000000
2026/09/25 01:14:38.414, 1, 2070 MHz, 3996 MHz, 462.28 W, 37, 99 %, 0x0000000000000000
2026/09/25 01:14:38.414, 2, 2070 MHz, 3996 MHz, 471.40 W, 38, 99 %, 0x0000000000000000
2026/09/25 01:14:38.414, 3, 2070 MHz, 3996 MHz, 475.47 W, 37, 99 %, 0x0000000000000000
2026/09/25 01:14:38.614, 0, 2070 MHz, 3996 MHz, 483.75 W, 37, 99 %, 0x0000000000000000
2026/09/25 01:14:38.614, 1, 2070 MHz, 3996 MHz, 473.42 W, 37, 99 %, 0x0000000000000000
2026/09/25 01:14:38.614, 2, 2070 MHz, 3996 MHz, 473.36 W, 39, 60 %, 0x0000000000000000
2026/09/25 01:14:38.614, 3, 2070 MHz, 3996 MHz, 484.66 W, 37, 99 %, 0x0000000000000000
2026/09/25 01:14:38.814, 0, 2070 MHz, 3996 MHz, 474.06 W, 38, 46 %, 0x0000000000000000
2026/09/25 01:14:38.814, 1, 2070 MHz, 3996 MHz, 472.36 W, 38, 92 %, 0x0000000000000000
2026/09/25 01:14:38.814, 2, 2070 MHz, 3996 MHz, 482.47 W, 38, 89 %, 0x0000000000000000
2026/09/25 01:14:38.814, 3, 2070 MHz, 3996 MHz, 471.16 W, 38, 77 %, 0x0000000000000000
2026/09/25 01:14:39.014, 0, 2070 MHz, 3996 MHz, 479.07 W, 38, 96 %, 0x0000000000000000
2026/09/25 01:14:39.014, 1, 2070 MHz, 3996 MHz, 480.24 W, 38, 99 %, 0x0000000000000000
2026/09/25 01:14:39.014, 2, 2070 MHz, 3996 MHz, 483.01 W, 38, 99 %, 0x0000000000000000
2026/09/25 01:14:39.014, 3, 2070 MHz, 3996 MHz, 475.35 W, 38, 91 %, 0x0000000000000000
2026/09/25 01:14:39.214, 0, 2070 MHz, 3996 MHz, 481.76 W, 38, 100 %, 0x0000000000000000
2026/09/25 01:14:39.214, 1, 2070 MHz, 3996 MHz, 482.22 W, 38, 99 %, 0x0000000000000000
2026/09/25 01:14:39.214, 2, 2070 MHz, 3996 MHz, 484.31 W, 38, 99 %, 0x0000000000000000
2026/09/25 01:14:39.214, 3, 2070 MHz, 3996 MHz, 477.41 W, 38, 100 %, 0x0000000000000000
2026/09/25 01:14:39.414, 0, 2070 MHz, 3996 MHz, 483.45 W, 38, 99 %, 0x0000000000000000
2026/09/25 01:14:39.414, 1, 2070 MHz, 3996 MHz, 483.86 W, 37, 99 %, 0x0000000000000000
2026/09/25 01:14:39.414, 2, 2070 MHz, 3996 MHz, 486.18 W, 38, 100 %, 0x0000000000000000
2026/09/25 01:14:39.414, 3, 2070 MHz, 3996 MHz, 479.82 W, 38, 100 %, 0x0000000000000000
2026/09/25 01:14:39.614, 0, 2070 MHz, 3996 MHz, 485.28 W, 38, 99 %, 0x0000000000000000
2026/09/25 01:14:39.614, 1, 2070 MHz, 3996 MHz, 484.29 W, 38, 99 %, 0x0000000000000000
2026/09/25 01:14:39.614, 2, 2070 MHz, 3996 MHz, 492.97 W, 38, 99 %, 0x0000000000000000
2026/09/25 01:14:39.614, 3, 2070 MHz, 3996 MHz, 482.69 W, 38, 100 %, 0x0000000000000000
2026/09/25 01:14:39.814, 0, 2070 MHz, 3996 MHz, 482.35 W, 37, 95 %, 0x0000000000000000
2026/09/25 01:14:39.815, 1, 2070 MHz, 3996 MHz, 476.51 W, 38, 71 %, 0x0000000000000000
2026/09/25 01:14:39.815, 2, 2070 MHz, 3996 MHz, 474.90 W, 39, 68 %, 0x0000000000000000
2026/09/25 01:14:39.815, 3, 2070 MHz, 3996 MHz, 482.98 W, 37, 100 %, 0x0000000000000000
2026/09/25 01:14:40.015, 0, 2070 MHz, 3996 MHz, 483.76 W, 39, 39 %, 0x0000000000000000
2026/09/25 01:14:40.015, 1, 2070 MHz, 3996 MHz, 475.09 W, 38, 89 %, 0x0000000000000000
2026/09/25 01:14:40.015, 2, 2070 MHz, 3996 MHz, 484.76 W, 38, 99 %, 0x0000000000000000
2026/09/25 01:14:40.015, 3, 2070 MHz, 3996 MHz, 487.66 W, 39, 42 %, 0x0000000000000000
2026/09/25 01:14:40.215, 0, 2070 MHz, 3996 MHz, 482.63 W, 38, 99 %, 0x0000000000000000
2026/09/25 01:14:40.215, 1, 2070 MHz, 3996 MHz, 473.40 W, 38, 99 %, 0x0000000000000000
2026/09/25 01:14:40.215, 2, 2070 MHz, 3996 MHz, 483.00 W, 38, 99 %, 0x0000000000000000
2026/09/25 01:14:40.215, 3, 2070 MHz, 3996 MHz, 485.14 W, 38, 96 %, 0x0000000000000000
2026/09/25 01:14:40.415, 0, 2070 MHz, 3996 MHz, 482.29 W, 38, 99 %, 0x0000000000000000
2026/09/25 01:14:40.415, 1, 2070 MHz, 3996 MHz, 472.14 W, 37, 99 %, 0x0000000000000000
2026/09/25 01:14:40.415, 2, 2070 MHz, 3996 MHz, 480.42 W, 38, 99 %, 0x0000000000000000
2026/09/25 01:14:40.415, 3, 2070 MHz, 3996 MHz, 483.46 W, 38, 99 %, 0x0000000000000000
2026/09/25 01:14:40.615, 0, 2070 MHz, 3996 MHz, 479.55 W, 38, 99 %, 0x0000000000000000
2026/09/25 01:14:40.615, 1, 2070 MHz, 3996 MHz, 469.27 W, 37, 99 %, 0x0000000000000000
2026/09/25 01:14:40.615, 2, 2070 MHz, 3996 MHz, 475.61 W, 38, 99 %, 0x0000000000000000
2026/09/25 01:14:40.615, 3, 2070 MHz, 3996 MHz, 479.72 W, 38, 99 %, 0x0000000000000000
