block,mean_us_per_step,dispatches_per_step,slowest_rank_us_per_step,kernel
collective,44128.1,95.0,52051.1,iris_stage_one_shot_allreduce_kernel
moe,23052.3,92.0,26586.2,iris_stage_one_shot_allreduce_two_gluon_kernel
unclassified,5087.8,437.0,11546.4,_kimi3_projection_gemv_kernel
full_attn,1479.4,92.0,3025.4,_stage1_a16w4_situ_warp_gemv
gemm,1119.4,93.0,2033.7,Cijk_Alik_Bljk_BBS_BH_Bias_HA_S_SAV_UserArgs_MT32x16x128_MI16x16x1_SN_LDSB0_AFC0_AFEM1_AFEM1_ASEM1_CLR0_CADS0_DTLA0_DTLB0_DTVA0_DTVB0_EPS0_FDSI0_GRPM1_GRVWA8_GRVWB8_GSU0_GSUAMB_GLS0_ISA950_IU1_K1_LDSTI0_LBSPPA256_LBSPPB256_LBSPPM0_LPA16_LPB16_LPM0_LRVW8_LWPMn1_MIAV0_MIWT2_1_MO40_NTn1_NTA4_NTB0_NTC0_NTD0_NTM0_NEPBS0_NLCA1_NLCB1_ONLL1_PGR2_PLR0_PKA1_SIA3_SS1_SPO0_SRVW0_SSO0_SVW1_SK3_SKFTR0_SKXCCM8_TLDS1_ULSGRO0_USL1_UIOFGRO0_USFGRO0_VSn1_VWA1_VWB1_WSGRA0_WSGRB0_WS64_WG16_4_4
moe,955.9,92.0,1090.2,_kimi3_shared_situ_projection_gemv_kernel
unclassified,943.6,92.0,1204.5,_attnres_partial_dual_kernel
full_attn,911.4,92.0,1724.5,_stage2_a16w4_warp_gemv_combine
attn_residual,909.0,185.0,1109.3,_attnres_combine_kernel
moe,453.9,92.0,560.8,_kimi3_sigmoid_bias_topk_kernel
unclassified,434.7,48.0,956.2,_rowcta_gemv_kernel
norm_elem,402.9,93.0,426.2,_rmsnorm_kernel
unclassified,400.3,92.0,437.2,_add3_kernel
collective,394.8,2.0,543.4,ncclDevKernel_Generic_1(ncclDevKernelArgsStorage<4096ul>)
norm_elem,382.2,86.0,408.6,"void at::native::vectorized_elementwise_kernel<8, at::native::CUDAFunctor_add<c10::BFloat16>, std::array<char*, 3ul> >(int, at::native::CUDAFunctor_add<c10::BFloat16>, std::array<char*, 3ul>)"
kda,340.0,69.0,464.7,_kda_recurrent_decode_kernel
gemm,329.4,69.0,407.7,Cijk_Alik_Bljk_BBS_BH_Bias_HA_S_SAV_UserArgs_MT16x16x128_MI16x16x1_SN_LDSB0_AFC0_AFEM1_AFEM1_ASEM1_CLR0_CADS0_DTLA0_DTLB0_DTVA0_DTVB0_EPS0_FDSI0_GRPM1_GRVWA8_GRVWB8_GSU0_GSUAMB_GLS0_ISA950_IU1_K1_LDSTI0_LBSPPA256_LBSPPB256_LBSPPM0_LPA16_LPB16_LPM0_LRVW8_LWPMn1_MIAV0_MIWT1_1_MO40_NTn1_NTA4_NTB0_NTC0_NTD0_NTM0_NEPBS0_NLCA1_NLCB1_ONLL1_PGR2_PLR0_PKA1_SIA3_SS1_SPO0_SRVW0_SSO0_SVW1_SK3_SKFTR0_SKXCCM8_TLDS1_ULSGRO0_USL1_UIOFGRO0_USFGRO0_VSn1_VWA1_VWB1_WSGRA0_WSGRB0_WS64_WG16_4_4
kda,310.5,69.0,325.0,_causal_conv1d_update_kernel
full_attn,298.7,24.0,414.2,_mla_decode_gluon
norm_elem,290.8,69.0,311.9,_rmsnorm_gated_kernel
gemm,287.5,24.0,377.0,Cijk_Ailk_Bljk_BBS_BH_Bias_HA_S_SAV_UserArgs_MT128x32x32_MI16x16x1_SN_LDSB0_AFC0_AFEM1_AFEM1_ASEM1_CLR0_CADS0_DTLA0_DTLB0_DTVA0_DTVB0_EPS0_FDSI0_GRPM1_GRVWA8_GRVWB4_GSU0_GSUAMB_GLS0_ISA950_IU1_K1_LDSTI0_LBSPPA2048_LBSPPB128_LBSPPM0_LPA0_LPB16_LPM0_LRVW8_LWPMn1_MIAV0_MIWT4_1_MO40_NTn1_NTA0_NTB0_NTC0_NTD0_NTM0_NEPBS0_NLCA1_NLCB1_ONLL1_PGR2_PLR0_PKA1_SIA3_SS1_SPO0_SRVW0_SSO0_SVW4_SK3_SKFTR0_SKXCCM0_TLDS1_ULSGRO0_USL1_UIOFGRO0_USFGRO0_VSn1_VWA4_VWB1_WSGRA0_WSGRB0_WS64_WG32_8_1
norm_elem,221.4,48.0,240.8,"void at::native::elementwise_kernel_manual_unroll<128, 8, at::native::gpu_kernel_impl_nocast<at::native::direct_copy_kernel_cuda(at::TensorIteratorBase&)::{lambda()#3}::operator()() const::{lambda()#12}::operator()() const::{lambda(c10::BFloat16)#1}>(at::TensorIteratorBase&, at::native::direct_copy_kernel_cuda(at::TensorIteratorBase&)::{lambda()#3}::operator()() const::{lambda()#12}::operator()() const::{lambda(c10::BFloat16)#1} const&)::{lambda(int, bool)#1}>(int, at::native::gpu_kernel_impl_nocast<at::native::direct_copy_kernel_cuda(at::TensorIteratorBase&)::{lambda()#3}::operator()() const::{lambda()#12}::operator()() const::{lambda(c10::BFloat16)#1}>(at::TensorIteratorBase&, at::native::direct_copy_kernel_cuda(at::TensorIteratorBase&)::{lambda()#3}::operator()() const::{lambda()#12}::operator()() const::{lambda(c10::BFloat16)#1} const&)::{lambda(int, bool)#1})"
norm_elem,201.8,48.0,212.6,"void at::native::vectorized_elementwise_kernel<8, at::native::float8_copy_kernel_cuda(at::TensorIteratorBase&)::{lambda(c10::BFloat16)#1}, std::array<char*, 2ul> >(int, at::native::float8_copy_kernel_cuda(at::TensorIteratorBase&)::{lambda(c10::BFloat16)#1}, std::array<char*, 2ul>)"
norm_elem,168.9,40.0,183.0,Memcpy DtoD (Device -> Device)
gemm,147.3,24.0,216.2,Cijk_Ailk_Bljk_BBS_BH_Bias_HA_S_SAV_UserArgs_MT64x16x64_MI16x16x1_SN_LDSB0_AFC0_AFEM1_AFEM1_ASEM1_CLR0_CADS0_DTLA1_DTLB1_DTVA0_DTVB0_EPS0_FDSI0_GRPM1_GRVWA2_GRVWB2_GSU0_GSUAMB_GLS0_ISA950_IU1_K1_LDSTI1_LBSPPA256_LBSPPB256_LBSPPM0_LPA0_LPB16_LPM0_LRVW8_LWPMn1_MIAV0_MIWT1_1_MO40_NTn1_NTA0_NTB0_NTC6_NTD0_NTM0_NEPBS14_NLCA1_NLCB1_ONLL1_PGR2_PLR1_PKA1_SIA3_SS1_SPO1_SRVW0_SSO0_SVW1_SK3_SKFTR0_SKXCCM0_TLDS1_ULSGRO0_USL1_UIOFGRO0_USFGRO1_VSn1_VWA1_VWB1_WSGRA0_WSGRB0_WS64_WG64_4_1
full_attn,139.6,24.0,145.5,_mla_softmax_reducev_kernel
norm_elem,107.1,24.0,110.1,_rmsnorm_fused_parallel_kernel
unclassified,104.0,24.0,110.5,_sigmoid_mul_kernel
full_attn,102.0,24.0,113.2,set_mla_kv_buffer_kernel
full_attn,99.8,24.0,109.0,_mla_nope_query_fp8_kernel
gemm,53.9,1.0,55.1,Cijk_Alik_Bljk_BBS_BH_Bias_HA_S_SAV_UserArgs_MT256x16x128_MI16x16x1_SN_LDSB1_AFC0_AFEM1_AFEM1_ASEM1_CLR1_CADS0_DTLA0_DTLB0_DTVA0_DTVB0_EPS0_FDSI0_GRPM1_GRVWA8_GRVWB8_GSU0_GSUAMB_GLS0_ISA950_IU1_K1_LDSTI0_LBSPPA1024_LBSPPB256_LBSPPM0_LPA16_LPB16_LPM0_LRVW8_LWPMn1_MIAV0_MIWT4_1_MO40_NTn1_NTA4_NTB0_NTC0_NTD0_NTM0_NEPBS0_NLCA1_NLCB1_ONLL1_PGR2_PLR1_PKA1_SIA3_SS1_SPO0_SRVW0_SSO0_SVW4_SK3_SKFTR0_SKXCCM8_TLDS1_ULSGRO0_USL1_UIOFGRO0_USFGRO0_VSn1_VWA4_VWB1_WSGRA0_WSGRB0_WS64_WG64_4_1
gemm,41.7,2.0,67.7,Cijk_Alik_Bljk_BBS_BH_Bias_HA_S_SAV_UserArgs_MT256x16x64_MI16x16x1_SN_LDSB1_AFC0_AFEM1_AFEM1_ASEM1_CLR1_CADS0_DTLA0_DTLB0_DTVA0_DTVB0_EPS0_FDSI0_GRPM1_GRVWA8_GRVWB4_GSU0_GSUAMB_GLS0_ISA950_IU1_K1_LDSTI0_LBSPPA512_LBSPPB128_LBSPPM0_LPA16_LPB16_LPM0_LRVW8_LWPMn1_MIAV0_MIWT4_1_MO40_NTn1_NTA4_NTB0_NTC0_NTD0_NTM0_NEPBS0_NLCA1_NLCB1_ONLL1_PGR2_PLR1_PKA1_SIA3_SS1_SPO0_SRVW0_SSO0_SVW4_SK3_SKFTR0_SKXCCM8_TLDS1_ULSGRO0_USL1_UIOFGRO0_USFGRO0_VSn1_VWA4_VWB1_WSGRA0_WSGRB0_WS64_WG64_4_1
norm_elem,25.4,5.0,29.5,"void at::native::vectorized_elementwise_kernel<4, at::native::bfloat16tofloat32_copy_kernel_cuda(at::TensorIteratorBase&)::{lambda(c10::BFloat16)#1}, std::array<char*, 2ul> >(int, at::native::bfloat16tofloat32_copy_kernel_cuda(at::TensorIteratorBase&)::{lambda(c10::BFloat16)#1}, std::array<char*, 2ul>)"
norm_elem,25.0,7.0,27.5,"void at::native::_scatter_gather_elementwise_kernel<256, 4, at::native::_cuda_scatter_gather_internal_kernel<false, at::native::OpaqueType<4>, long>::operator()<at::native::TensorAssign>(at::TensorIterator&, long, long, long, at::native::TensorAssign const&)::{lambda(int)#1}>(int, at::native::_cuda_scatter_gather_internal_kernel<false, at::native::OpaqueType<4>, long>::operator()<at::native::TensorAssign>(at::TensorIterator&, long, long, long, at::native::TensorAssign const&)::{lambda(int)#1})"
norm_elem,20.9,4.0,23.6,"void at::native::elementwise_kernel_manual_unroll<128, 4, at::native::gpu_kernel_impl_nocast<at::native::BinaryFunctor<float, float, float, at::native::binary_internal::MulFunctor<float> > >(at::TensorIteratorBase&, at::native::BinaryFunctor<float, float, float, at::native::binary_internal::MulFunctor<float> > const&)::{lambda(int, bool)#1}>(int, at::native::gpu_kernel_impl_nocast<at::native::BinaryFunctor<float, float, float, at::native::binary_internal::MulFunctor<float> > >(at::TensorIteratorBase&, at::native::BinaryFunctor<float, float, float, at::native::binary_internal::MulFunctor<float> > const&)::{lambda(int, bool)#1})"
unclassified,18.7,2.0,20.4,"void at::native::reduce_kernel<512, 1, at::native::ReduceOp<float, at::native::MeanOps<float, float, float, float>, unsigned int, float, 4, 4> >(at::native::ReduceOp<float, at::native::MeanOps<float, float, float, float>, unsigned int, float, 4, 4>)"
norm_elem,15.3,4.0,16.4,"void at::native::elementwise_kernel_manual_unroll<128, 4, at::native::gpu_kernel_impl<at::native::direct_copy_kernel_cuda(at::TensorIteratorBase&)::{lambda()#3}::operator()() const::{lambda()#4}::operator()() const::{lambda(long)#1}>(at::TensorIteratorBase&, at::native::direct_copy_kernel_cuda(at::TensorIteratorBase&)::{lambda()#3}::operator()() const::{lambda()#4}::operator()() const::{lambda(long)#1} const&)::{lambda(int, bool)#1}>(int, at::native::gpu_kernel_impl<at::native::direct_copy_kernel_cuda(at::TensorIteratorBase&)::{lambda()#3}::operator()() const::{lambda()#4}::operator()() const::{lambda(long)#1}>(at::TensorIteratorBase&, at::native::direct_copy_kernel_cuda(at::TensorIteratorBase&)::{lambda()#3}::operator()() const::{lambda()#4}::operator()() const::{lambda(long)#1} const&)::{lambda(int, bool)#1})"
norm_elem,14.0,4.0,15.7,"void at::native::vectorized_elementwise_kernel<4, at::native::FillFunctor<int>, std::array<char*, 1ul> >(int, at::native::FillFunctor<int>, std::array<char*, 1ul>)"
unclassified,12.6,1.0,13.0,"void at::native::reduce_kernel<512, 1, at::native::ReduceOp<float, at::native::func_wrapper_t<float, at::native::sum_functor<float, float, float>::operator()(at::TensorIterator&)::{lambda(float, float)#1}>, unsigned int, float, 4, 4> >(at::native::ReduceOp<float, at::native::func_wrapper_t<float, at::native::sum_functor<float, float, float>::operator()(at::TensorIterator&)::{lambda(float, float)#1}>, unsigned int, float, 4, 4>)"
norm_elem,12.4,3.0,13.9,"void at::native::vectorized_elementwise_kernel<4, at::native::(anonymous namespace)::launch_clamp_scalar(at::TensorIteratorBase&, c10::Scalar, c10::Scalar, at::native::detail::ClampLimits)::{lambda()#1}::operator()() const::{lambda()#3}::operator()() const::{lambda(int)#1}, std::array<char*, 2ul> >(int, at::native::(anonymous namespace)::launch_clamp_scalar(at::TensorIteratorBase&, c10::Scalar, c10::Scalar, at::native::detail::ClampLimits)::{lambda()#1}::operator()() const::{lambda()#3}::operator()() const::{lambda(int)#1}, std::array<char*, 2ul>)"
unclassified,12.1,1.0,13.1,_attnres_partial_kernel
norm_elem,11.2,3.0,12.1,"void at::native::vectorized_elementwise_kernel<4, at::native::BUnaryFunctor<long, long, long, at::native::binary_internal::div_floor_kernel_cuda(at::TensorIteratorBase&)::{lambda()#1}::operator()() const::{lambda()#4}::operator()() const::{lambda(long, long)#1}>, std::array<char*, 2ul> >(int, at::native::BUnaryFunctor<long, long, long, at::native::binary_internal::div_floor_kernel_cuda(at::TensorIteratorBase&)::{lambda()#1}::operator()() const::{lambda()#4}::operator()() const::{lambda(long, long)#1}>, std::array<char*, 2ul>)"
norm_elem,10.7,3.0,11.6,"void at::native::vectorized_elementwise_kernel<4, at::native::(anonymous namespace)::where_kernel_impl(at::TensorIterator&)::{lambda()#1}::operator()() const::{lambda()#7}::operator()() const::{lambda(bool, int, int)#1}, std::array<char*, 4ul> >(int, at::native::(anonymous namespace)::where_kernel_impl(at::TensorIterator&)::{lambda()#1}::operator()() const::{lambda()#7}::operator()() const::{lambda(bool, int, int)#1}, std::array<char*, 4ul>)"
norm_elem,10.5,3.0,11.8,"void at::native::vectorized_elementwise_kernel<4, at::native::(anonymous namespace)::launch_clamp_scalar(at::TensorIteratorBase&, c10::Scalar, c10::Scalar, at::native::detail::ClampLimits)::{lambda()#1}::operator()() const::{lambda()#4}::operator()() const::{lambda(long)#1}, std::array<char*, 2ul> >(int, at::native::(anonymous namespace)::launch_clamp_scalar(at::TensorIteratorBase&, c10::Scalar, c10::Scalar, at::native::detail::ClampLimits)::{lambda()#1}::operator()() const::{lambda()#4}::operator()() const::{lambda(long)#1}, std::array<char*, 2ul>)"
norm_elem,10.4,3.0,11.7,"void at::native::vectorized_elementwise_kernel<4, at::native::CUDAFunctorOnSelf_add<long>, std::array<char*, 2ul> >(int, at::native::CUDAFunctorOnSelf_add<long>, std::array<char*, 2ul>)"
norm_elem,10.3,3.0,11.6,"void at::native::unrolled_elementwise_kernel<at::native::FillFunctor<int>, std::array<char*, 1ul>, 4, TrivialOffsetCalculator<0, unsigned int>, TrivialOffsetCalculator<1, unsigned int>, at::native::memory::LoadWithoutCast, at::native::memory::StoreWithoutCast>(int, at::native::FillFunctor<int>, std::array<char*, 1ul>, TrivialOffsetCalculator<0, unsigned int>, TrivialOffsetCalculator<1, unsigned int>, at::native::memory::LoadWithoutCast, at::native::memory::StoreWithoutCast)"
norm_elem,10.2,2.0,12.0,"void at::native::vectorized_elementwise_kernel<4, at::native::bfloat16_copy_kernel_cuda(at::TensorIteratorBase&)::{lambda(float)#1}, std::array<char*, 2ul> >(int, at::native::bfloat16_copy_kernel_cuda(at::TensorIteratorBase&)::{lambda(float)#1}, std::array<char*, 2ul>)"
norm_elem,10.2,2.0,12.0,"void at::native::vectorized_elementwise_kernel<4, at::native::(anonymous namespace)::pow_tensor_scalar_kernel_impl<float, float>(at::TensorIteratorBase&, float)::{lambda(float)#1}, std::array<char*, 2ul> >(int, at::native::(anonymous namespace)::pow_tensor_scalar_kernel_impl<float, float>(at::TensorIteratorBase&, float)::{lambda(float)#1}, std::array<char*, 2ul>)"
norm_elem,10.1,2.0,11.9,"void at::native::vectorized_elementwise_kernel<4, at::native::CUDAFunctorOnSelf_add<float>, std::array<char*, 2ul> >(int, at::native::CUDAFunctorOnSelf_add<float>, std::array<char*, 2ul>)"
norm_elem,10.0,2.0,11.8,"void at::native::vectorized_elementwise_kernel<4, at::native::BinaryFunctor<float, float, float, at::native::binary_internal::MulFunctor<float> >, std::array<char*, 3ul> >(int, at::native::BinaryFunctor<float, float, float, at::native::binary_internal::MulFunctor<float> >, std::array<char*, 3ul>)"
norm_elem,9.9,3.0,11.6,"void at::native::unrolled_elementwise_kernel<at::native::FillFunctor<long>, std::array<char*, 1ul>, 4, TrivialOffsetCalculator<0, unsigned int>, TrivialOffsetCalculator<1, unsigned int>, at::native::memory::LoadWithoutCast, at::native::memory::StoreWithoutCast>(int, at::native::FillFunctor<long>, std::array<char*, 1ul>, TrivialOffsetCalculator<0, unsigned int>, TrivialOffsetCalculator<1, unsigned int>, at::native::memory::LoadWithoutCast, at::native::memory::StoreWithoutCast)"
norm_elem,9.8,2.0,11.6,"void at::native::vectorized_elementwise_kernel<4, at::native::rsqrt_kernel_cuda(at::TensorIteratorBase&)::{lambda()#2}::operator()() const::{lambda()#2}::operator()() const::{lambda(float)#1}, std::array<char*, 2ul> >(int, at::native::rsqrt_kernel_cuda(at::TensorIteratorBase&)::{lambda()#2}::operator()() const::{lambda()#2}::operator()() const::{lambda(float)#1}, std::array<char*, 2ul>)"
gemm,8.5,2.0,9.1,Cijk_SB_BiasS_HAS_ScaleAlphaVec_PostGSU8_VW4
unclassified,7.3,1.0,7.6,"void at::native::reduce_kernel<128, 4, at::native::ReduceOp<float, at::native::func_wrapper_t<float, at::native::sum_functor<float, float, float>::operator()(at::TensorIterator&)::{lambda(float, float)#1}>, unsigned int, float, 4, 4> >(at::native::ReduceOp<float, at::native::func_wrapper_t<float, at::native::sum_functor<float, float, float>::operator()(at::TensorIterator&)::{lambda(float, float)#1}>, unsigned int, float, 4, 4>)"
norm_elem,7.0,2.0,8.1,"void (anonymous namespace)::elementwise_kernel_with_index<int, at::native::arange_cuda_out(c10::Scalar const&, c10::Scalar const&, c10::Scalar const&, at::Tensor&)::{lambda()#1}::operator()() const::{lambda()#3}::operator()() const::{lambda(long)#1}>(int, at::native::arange_cuda_out(c10::Scalar const&, c10::Scalar const&, c10::Scalar const&, at::Tensor&)::{lambda()#1}::operator()() const::{lambda()#3}::operator()() const::{lambda(long)#1}, function_traits<at::native::arange_cuda_out(c10::Scalar const&, c10::Scalar const&, c10::Scalar const&, at::Tensor&)::{lambda()#1}::operator()() const::{lambda()#3}::operator()() const::{lambda(long)#1}>::result_type*)"
norm_elem,6.2,1.0,6.6,_argmax_split_atomic_fixed_split_count_kernel
norm_elem,5.6,1.0,6.0,"void at::native::(anonymous namespace)::CatArrayBatchedCopy_contig<at::native::(anonymous namespace)::OpaqueType<2u>, unsigned int, 3, 128, 1>(at::native::(anonymous namespace)::OpaqueType<2u>*, at::native::(anonymous namespace)::CatArrInputTensorMetadata<at::native::(anonymous namespace)::OpaqueType<2u>, unsigned int, 128, 1>, at::native::(anonymous namespace)::TensorSizeStride<unsigned int, 4u>, int, unsigned int)"
norm_elem,5.4,1.0,6.0,"void at::native::index_elementwise_kernel<128, 4, at::native::gpu_index_kernel<at::native::index_put_kernel_impl<at::native::OpaqueType<4> >(at::TensorIterator&, c10::ArrayRef<long>, c10::ArrayRef<long>)::{lambda(char*, char const*, long)#1}>(at::TensorIteratorBase&, c10::ArrayRef<long>, c10::ArrayRef<long>, at::native::index_put_kernel_impl<at::native::OpaqueType<4> >(at::TensorIterator&, c10::ArrayRef<long>, c10::ArrayRef<long>)::{lambda(char*, char const*, long)#1} const&, bool)::{lambda(int)#1}>(long, at::native::gpu_index_kernel<at::native::index_put_kernel_impl<at::native::OpaqueType<4> >(at::TensorIterator&, c10::ArrayRef<long>, c10::ArrayRef<long>)::{lambda(char*, char const*, long)#1}>(at::TensorIteratorBase&, c10::ArrayRef<long>, c10::ArrayRef<long>, at::native::index_put_kernel_impl<at::native::OpaqueType<4> >(at::TensorIterator&, c10::ArrayRef<long>, c10::ArrayRef<long>)::{lambda(char*, char const*, long)#1} const&, bool)::{lambda(int)#1})"
unclassified,5.4,1.0,5.8,"void at::native::indexFuncSmallIndex<int, long, unsigned int, 1, 1, -2, at::native::(anonymous namespace)::ReduceAdd>(at::cuda::detail::TensorInfo<int, unsigned int>, at::cuda::detail::TensorInfo<int const, unsigned int>, at::cuda::detail::TensorInfo<long const, unsigned int>, int, int, unsigned int, long, long, at::native::(anonymous namespace)::ReduceAdd const&, int)"
norm_elem,5.1,1.0,5.7,"void at::native::elementwise_kernel_manual_unroll<128, 8, at::native::gpu_kernel_impl_nocast<at::native::(anonymous namespace)::masked_fill_kernel(at::TensorIterator&, c10::Scalar const&)::{lambda()#1}::operator()() const::{lambda()#12}::operator()() const::{lambda(c10::BFloat16, bool)#1}>(at::TensorIteratorBase&, at::native::(anonymous namespace)::masked_fill_kernel(at::TensorIterator&, c10::Scalar const&)::{lambda()#1}::operator()() const::{lambda()#12}::operator()() const::{lambda(c10::BFloat16, bool)#1} const&)::{lambda(int, bool)#1}>(int, at::native::gpu_kernel_impl_nocast<at::native::(anonymous namespace)::masked_fill_kernel(at::TensorIterator&, c10::Scalar const&)::{lambda()#1}::operator()() const::{lambda()#12}::operator()() const::{lambda(c10::BFloat16, bool)#1}>(at::TensorIteratorBase&, at::native::(anonymous namespace)::masked_fill_kernel(at::TensorIterator&, c10::Scalar const&)::{lambda()#1}::operator()() const::{lambda()#12}::operator()() const::{lambda(c10::BFloat16, bool)#1} const&)::{lambda(int, bool)#1})"
norm_elem,4.9,1.0,5.9,"void (anonymous namespace)::softmax_warp_forward<float, float, float, 4, false, false>(float*, float const*, int, int, int, bool const*, int, bool)"
norm_elem,4.4,1.0,5.0,"void at::native::vectorized_elementwise_kernel<4, at::native::compare_scalar_kernel<long>(at::TensorIteratorBase&, at::native::(anonymous namespace)::OpType, long)::{lambda(long)#1}, std::array<char*, 2ul> >(int, at::native::compare_scalar_kernel<long>(at::TensorIteratorBase&, at::native::(anonymous namespace)::OpType, long)::{lambda(long)#1}, std::array<char*, 2ul>)"
moe,4.3,1.0,4.5,_situ_and_mul_kernel
norm_elem,4.1,1.0,4.4,"void at::native::index_elementwise_kernel<128, 4, at::native::gpu_index_kernel<at::native::index_kernel_impl<at::native::OpaqueType<4> >(at::TensorIteratorBase&, c10::ArrayRef<long>, c10::ArrayRef<long>)::{lambda(char*, char const*, long)#1}>(at::TensorIteratorBase&, c10::ArrayRef<long>, c10::ArrayRef<long>, at::native::index_kernel_impl<at::native::OpaqueType<4> >(at::TensorIteratorBase&, c10::ArrayRef<long>, c10::ArrayRef<long>)::{lambda(char*, char const*, long)#1} const&, bool)::{lambda(int)#1}>(long, at::native::gpu_index_kernel<at::native::index_kernel_impl<at::native::OpaqueType<4> >(at::TensorIteratorBase&, c10::ArrayRef<long>, c10::ArrayRef<long>)::{lambda(char*, char const*, long)#1}>(at::TensorIteratorBase&, c10::ArrayRef<long>, c10::ArrayRef<long>, at::native::index_kernel_impl<at::native::OpaqueType<4> >(at::TensorIteratorBase&, c10::ArrayRef<long>, c10::ArrayRef<long>)::{lambda(char*, char const*, long)#1} const&, bool)::{lambda(int)#1})"
unclassified,4.1,1.0,4.2,"void at::native::(anonymous namespace)::indexSelectSmallIndex<c10::BFloat16, long, unsigned int, 2, 2, -2>(at::cuda::detail::TensorInfo<c10::BFloat16, unsigned int>, at::cuda::detail::TensorInfo<c10::BFloat16 const, unsigned int>, at::cuda::detail::TensorInfo<long const, unsigned int>, int, int, unsigned int, long)"
norm_elem,4.0,1.0,4.2,"void at::native::elementwise_kernel_manual_unroll<128, 4, at::native::gpu_kernel_impl_nocast<at::native::CUDAFunctor_add<int> >(at::TensorIteratorBase&, at::native::CUDAFunctor_add<int> const&)::{lambda(int, bool)#1}>(int, at::native::gpu_kernel_impl_nocast<at::native::CUDAFunctor_add<int> >(at::TensorIteratorBase&, at::native::CUDAFunctor_add<int> const&)::{lambda(int, bool)#1})"
norm_elem,4.0,1.0,4.5,"void at::native::vectorized_elementwise_kernel<4, at::native::BUnaryFunctor<long, long, long, at::native::remainder_kernel_cuda(at::TensorIteratorBase&)::{lambda()#1}::operator()() const::{lambda()#4}::operator()() const::{lambda(long, long)#1}>, std::array<char*, 2ul> >(int, at::native::BUnaryFunctor<long, long, long, at::native::remainder_kernel_cuda(at::TensorIteratorBase&)::{lambda()#1}::operator()() const::{lambda()#4}::operator()() const::{lambda(long, long)#1}>, std::array<char*, 2ul>)"
norm_elem,4.0,1.0,4.1,"void at::native::elementwise_kernel_manual_unroll<128, 4, at::native::gpu_kernel_impl_nocast<at::native::FillFunctor<long> >(at::TensorIteratorBase&, at::native::FillFunctor<long> const&)::{lambda(int, bool)#1}>(int, at::native::gpu_kernel_impl_nocast<at::native::FillFunctor<long> >(at::TensorIteratorBase&, at::native::FillFunctor<long> const&)::{lambda(int, bool)#1})"
unclassified,3.8,1.0,4.3,triton_poi_fused_add_bitwise_and_bitwise_or_ge_lt_mul_sub_0
unclassified,3.8,1.0,4.0,fused_decode_input_prep_kernel
norm_elem,3.7,1.0,4.1,"void at::native::unrolled_elementwise_kernel<at::native::(anonymous namespace)::launch_clamp_scalar(at::TensorIteratorBase&, c10::Scalar, c10::Scalar, at::native::detail::ClampLimits)::{lambda()#1}::operator()() const::{lambda()#3}::operator()() const::{lambda(int)#1}, std::array<char*, 2ul>, 4, TrivialOffsetCalculator<1, unsigned int>, TrivialOffsetCalculator<1, unsigned int>, at::native::memory::LoadWithoutCast, at::native::memory::StoreWithoutCast>(int, at::native::(anonymous namespace)::launch_clamp_scalar(at::TensorIteratorBase&, c10::Scalar, c10::Scalar, at::native::detail::ClampLimits)::{lambda()#1}::operator()() const::{lambda()#3}::operator()() const::{lambda(int)#1}, std::array<char*, 2ul>, TrivialOffsetCalculator<1, unsigned int>, TrivialOffsetCalculator<1, unsigned int>, at::native::memory::LoadWithoutCast, at::native::memory::StoreWithoutCast)"
norm_elem,3.7,1.0,4.1,"void at::native::vectorized_elementwise_kernel<4, at::native::AUnaryFunctor<int, int, int, at::native::binary_internal::MulFunctor<int> >, std::array<char*, 2ul> >(int, at::native::AUnaryFunctor<int, int, int, at::native::binary_internal::MulFunctor<int> >, std::array<char*, 2ul>)"
norm_elem,3.6,1.0,4.1,"void at::native::vectorized_elementwise_kernel<4, at::native::AUnaryFunctor<long, long, long, at::native::binary_internal::MulFunctor<long> >, std::array<char*, 2ul> >(int, at::native::AUnaryFunctor<long, long, long, at::native::binary_internal::MulFunctor<long> >, std::array<char*, 2ul>)"
unclassified,3.5,1.0,4.0,triton_poi_fused_bitwise_and_bitwise_not_bitwise_or_ge_lt_1
norm_elem,3.5,1.0,3.9,"void at::native::vectorized_elementwise_kernel<4, at::native::CUDAFunctorOnSelf_add<int>, std::array<char*, 2ul> >(int, at::native::CUDAFunctorOnSelf_add<int>, std::array<char*, 2ul>)"
norm_elem,3.4,1.0,3.9,"void at::native::vectorized_elementwise_kernel<4, at::native::CUDAFunctor_add<long>, std::array<char*, 3ul> >(int, at::native::CUDAFunctor_add<long>, std::array<char*, 3ul>)"
