schema_version,provider,provider_detail,operation,m,n,activation_dtype,weight_dtype,weight_mode,eps,cold_compile_ms,cold_compile_reused,median_us,p10_us,p90_us,logical_bytes,logical_gbps,peak_bw_gbps,peak_bw_pct,rotation_buffers,rotation_working_set_bytes,l2_target_bytes,l2_eviction_between_calls,timed_samples
2,quack_tuned,"quack.rmsnorm.rmsnorm_fwd_tuned (CuTe, autotuned)",fwd,1,4096,float16,float16,same,1e-06,10.706395,False,3.836,3.7136,3.9992,24576,6.406674,3182.324817,0.201321,4,98304,157286400,True,12
2,quack,quack.rmsnorm.rmsnorm_fwd (CuTe),fwd,1,4096,float16,float16,same,1e-06,1.446705,False,3.776,3.6056,4.0456,24576,6.508475,3182.324817,0.204519,4,98304,157286400,True,12
2,torch,torch.nn.functional.rms_norm,fwd,1,4096,float16,float16,same,1e-06,,False,9.768,9.44,9.9408,24576,2.515971,3182.324817,0.079061,4,98304,157286400,True,12
2,quack_tuned,"quack.rmsnorm.rmsnorm_bwd_tuned (CuTe, autotuned)",bwd,1,4096,float16,float16,same,1e-06,3.243591,False,14.92,14.7784,15.1848,40964,2.745576,3182.324817,0.086276,4,163856,157286400,True,12
2,quack,quack.rmsnorm.rmsnorm_bwd (CuTe),bwd,1,4096,float16,float16,same,1e-06,1.167198,False,15.328,15.2128,15.552,40964,2.672495,3182.324817,0.083979,4,163856,157286400,True,12
2,torch,torch.nn.functional.rms_norm autograd,bwd,1,4096,float16,float16,same,1e-06,,False,30.628,29.824799,32.244802,40964,1.337469,3182.324817,0.042028,4,163856,157286400,True,12
2,quack_tuned,"quack.rmsnorm.rmsnorm_fwd_tuned (CuTe, autotuned)",fwd,1,4096,float16,float32,float32,1e-06,1.599868,False,4.024,3.872,4.1824,32768,8.143141,3182.324817,0.255887,4,131072,157286400,True,12
2,quack,quack.rmsnorm.rmsnorm_fwd (CuTe),fwd,1,4096,float16,float32,float32,1e-06,1.076785,False,3.84,3.6888,4.0208,32768,8.533333,3182.324817,0.268148,4,131072,157286400,True,12
2,torch,torch.nn.functional.rms_norm,fwd,1,4096,float16,float32,float32,1e-06,,False,23.444,22.876001,26.8576,32768,1.397714,3182.324817,0.043921,4,131072,157286400,True,12
2,quack_tuned,"quack.rmsnorm.rmsnorm_bwd_tuned (CuTe, autotuned)",bwd,1,4096,float16,float32,float32,1e-06,2.909945,False,11.716,11.6136,11.9048,57348,4.894845,3182.324817,0.153813,4,229392,157286400,True,12
2,quack,quack.rmsnorm.rmsnorm_bwd (CuTe),bwd,1,4096,float16,float32,float32,1e-06,1.125878,False,12.144,12.0056,12.2584,57348,4.722332,3182.324817,0.148393,4,229392,157286400,True,12
2,torch,torch.nn.functional.rms_norm autograd,bwd,1,4096,float16,float32,float32,1e-06,,False,130.832002,128.466401,135.025607,57348,0.438333,3182.324817,0.013774,4,229392,157286400,True,12
2,quack_tuned,"quack.rmsnorm.rmsnorm_fwd_tuned (CuTe, autotuned)",fwd,1,4096,bfloat16,bfloat16,same,1e-06,1.632689,False,3.708,3.608,3.8984,24576,6.627832,3182.324817,0.20827,4,98304,157286400,True,12
2,quack,quack.rmsnorm.rmsnorm_fwd (CuTe),fwd,1,4096,bfloat16,bfloat16,same,1e-06,1.078329,False,3.844,3.6752,3.96,24576,6.39334,3182.324817,0.200902,4,98304,157286400,True,12
2,torch,torch.nn.functional.rms_norm,fwd,1,4096,bfloat16,bfloat16,same,1e-06,,False,9.768,9.5792,10.0264,24576,2.515971,3182.324817,0.079061,4,98304,157286400,True,12
2,quack_tuned,"quack.rmsnorm.rmsnorm_bwd_tuned (CuTe, autotuned)",bwd,1,4096,bfloat16,bfloat16,same,1e-06,3.778207,False,14.76,14.6408,15.2224,40964,2.775339,3182.324817,0.087211,4,163856,157286400,True,12
2,quack,quack.rmsnorm.rmsnorm_bwd (CuTe),bwd,1,4096,bfloat16,bfloat16,same,1e-06,1.141739,False,15.256,15.076,15.4696,40964,2.685108,3182.324817,0.084376,4,163856,157286400,True,12
2,torch,torch.nn.functional.rms_norm autograd,bwd,1,4096,bfloat16,bfloat16,same,1e-06,,False,32.224,30.535999,34.7656,40964,1.271226,3182.324817,0.039946,4,163856,157286400,True,12
2,quack_tuned,"quack.rmsnorm.rmsnorm_fwd_tuned (CuTe, autotuned)",fwd,1,4096,bfloat16,float32,float32,1e-06,1.60529,False,3.748,3.5848,3.9152,32768,8.742796,3182.324817,0.27473,4,131072,157286400,True,12
2,quack,quack.rmsnorm.rmsnorm_fwd (CuTe),fwd,1,4096,bfloat16,float32,float32,1e-06,1.105158,False,3.844,3.736,3.9856,32768,8.524454,3182.324817,0.267869,4,131072,157286400,True,12
2,torch,torch.nn.functional.rms_norm,fwd,1,4096,bfloat16,float32,float32,1e-06,,False,21.956,21.2648,23.4648,32768,1.492439,3182.324817,0.046898,4,131072,157286400,True,12
2,quack_tuned,"quack.rmsnorm.rmsnorm_bwd_tuned (CuTe, autotuned)",bwd,1,4096,bfloat16,float32,float32,1e-06,7.40102,False,11.92,11.7816,12.2584,57348,4.811074,3182.324817,0.151181,4,229392,157286400,True,12
2,quack,quack.rmsnorm.rmsnorm_bwd (CuTe),bwd,1,4096,bfloat16,float32,float32,1e-06,1.187573,False,12.388,12.1928,12.548,57348,4.629319,3182.324817,0.14547,4,229392,157286400,True,12
2,torch,torch.nn.functional.rms_norm autograd,bwd,1,4096,bfloat16,float32,float32,1e-06,,False,134.000003,132.409593,138.834395,57348,0.42797,3182.324817,0.013448,4,229392,157286400,True,12
2,quack_tuned,"quack.rmsnorm.rmsnorm_fwd_tuned (CuTe, autotuned)",fwd,1,4096,float32,float32,same,1e-06,1.757009,False,3.768,3.6576,3.9232,49152,13.044586,3182.324817,0.409907,4,196608,157286400,True,12
2,quack,quack.rmsnorm.rmsnorm_fwd (CuTe),fwd,1,4096,float32,float32,same,1e-06,1.090265,False,4.004,3.8744,4.1536,49152,12.275724,3182.324817,0.385747,4,196608,157286400,True,12
2,torch,torch.nn.functional.rms_norm,fwd,1,4096,float32,float32,same,1e-06,,False,8.004,7.7608,8.2272,49152,6.14093,3182.324817,0.19297,4,196608,157286400,True,12
2,quack_tuned,"quack.rmsnorm.rmsnorm_bwd_tuned (CuTe, autotuned)",bwd,1,4096,float32,float32,same,1e-06,3.187473,False,12.192,12.1328,12.3832,81924,6.719488,3182.324817,0.21115,4,327696,157286400,True,12
2,quack,quack.rmsnorm.rmsnorm_bwd (CuTe),bwd,1,4096,float32,float32,same,1e-06,1.164209,False,12.424,12.2976,12.512,81924,6.594012,3182.324817,0.207207,4,327696,157286400,True,12
2,torch,torch.nn.functional.rms_norm autograd,bwd,1,4096,float32,float32,same,1e-06,,False,30.68,30.068,32.144799,81924,2.670274,3182.324817,0.08391,4,327696,157286400,True,12
2,quack_tuned,"quack.rmsnorm.rmsnorm_fwd_tuned (CuTe, autotuned)",fwd,256,4096,float16,float16,same,1e-06,1.598585,False,5.284,5.1536,5.4152,4202496,795.324761,3182.324817,24.991942,4,16809984,157286400,True,12
2,quack,quack.rmsnorm.rmsnorm_fwd (CuTe),fwd,256,4096,float16,float16,same,1e-06,0.034058,False,5.488,5.2328,5.5496,4202496,765.76095,3182.324817,24.062941,4,16809984,157286400,True,12
2,torch,torch.nn.functional.rms_norm,fwd,256,4096,float16,float16,same,1e-06,,False,10.16,9.9928,10.2704,4202496,413.631493,3182.324817,12.997777,4,16809984,157286400,True,12
2,quack_tuned,"quack.rmsnorm.rmsnorm_bwd_tuned (CuTe, autotuned)",bwd,256,4096,float16,float16,same,1e-06,2.846078,False,17.16,16.970401,17.490399,6308864,367.649411,3182.324817,11.552856,4,25235456,157286400,True,12
2,quack,quack.rmsnorm.rmsnorm_bwd (CuTe),bwd,256,4096,float16,float16,same,1e-06,1.156483,False,20.828,18.5424,29.3816,6308864,302.903011,3182.324817,9.518293,4,25235456,157286400,True,12
2,torch,torch.nn.functional.rms_norm autograd,bwd,256,4096,float16,float16,same,1e-06,,False,31.507999,30.44,32.452799,6308864,200.230553,3182.324817,6.291958,4,25235456,157286400,True,12
2,quack_tuned,"quack.rmsnorm.rmsnorm_fwd_tuned (CuTe, autotuned)",fwd,256,4096,float16,float32,float32,1e-06,1.665927,False,5.172,4.9768,5.336,4210688,814.131472,3182.324817,25.582916,4,16842752,157286400,True,12
2,quack,quack.rmsnorm.rmsnorm_fwd (CuTe),fwd,256,4096,float16,float32,float32,1e-06,0.036268,False,5.344,5.196,5.4208,4210688,787.928152,3182.324817,24.759514,4,16842752,157286400,True,12
2,torch,torch.nn.functional.rms_norm,fwd,256,4096,float16,float32,float32,1e-06,,False,38.411999,38.144,38.9288,4210688,109.61908,3182.324817,3.444623,4,16842752,157286400,True,12
2,quack_tuned,"quack.rmsnorm.rmsnorm_bwd_tuned (CuTe, autotuned)",bwd,256,4096,float16,float32,float32,1e-06,2.788462,False,14.436,14.2024,14.6456,6325248,438.157938,3182.324817,13.768486,4,25300992,157286400,True,12
2,quack,quack.rmsnorm.rmsnorm_bwd (CuTe),bwd,256,4096,float16,float32,float32,1e-06,1.151459,False,14.816,14.624,15.324,6325248,426.920096,3182.324817,13.415353,4,25300992,157286400,True,12
2,torch,torch.nn.functional.rms_norm autograd,bwd,256,4096,float16,float32,float32,1e-06,,False,130.560003,129.672003,136.411995,6325248,48.447058,3182.324817,1.522379,4,25300992,157286400,True,12
2,quack_tuned,"quack.rmsnorm.rmsnorm_fwd_tuned (CuTe, autotuned)",fwd,256,4096,bfloat16,bfloat16,same,1e-06,1.581471,False,5.168,4.932,5.2992,4202496,813.176507,3182.324817,25.552907,4,16809984,157286400,True,12
2,quack,quack.rmsnorm.rmsnorm_fwd (CuTe),fwd,256,4096,bfloat16,bfloat16,same,1e-06,0.033873,False,5.376,5.2568,5.5504,4202496,781.714292,3182.324817,24.564252,4,16809984,157286400,True,12
2,torch,torch.nn.functional.rms_norm,fwd,256,4096,bfloat16,bfloat16,same,1e-06,,False,10.188,9.8408,10.432,4202496,412.494688,3182.324817,12.962055,4,16809984,157286400,True,12
2,quack_tuned,"quack.rmsnorm.rmsnorm_bwd_tuned (CuTe, autotuned)",bwd,256,4096,bfloat16,bfloat16,same,1e-06,3.160165,False,17.244,17.034399,17.5616,6308864,365.858502,3182.324817,11.496579,4,25235456,157286400,True,12
2,quack,quack.rmsnorm.rmsnorm_bwd (CuTe),bwd,256,4096,bfloat16,bfloat16,same,1e-06,1.221371,False,18.612,18.3864,18.8408,6308864,338.967545,3182.324817,10.65157,4,25235456,157286400,True,12
2,torch,torch.nn.functional.rms_norm autograd,bwd,256,4096,bfloat16,bfloat16,same,1e-06,,False,32.484001,30.184,35.189601,6308864,194.214502,3182.324817,6.102913,4,25235456,157286400,True,12
2,quack_tuned,"quack.rmsnorm.rmsnorm_fwd_tuned (CuTe, autotuned)",fwd,256,4096,bfloat16,float32,float32,1e-06,1.729409,False,5.136,4.9824,5.3944,4210688,819.838007,3182.324817,25.762235,4,16842752,157286400,True,12
2,quack,quack.rmsnorm.rmsnorm_fwd (CuTe),fwd,256,4096,bfloat16,float32,float32,1e-06,0.037474,False,5.348,5.2168,5.5592,4210688,787.338822,3182.324817,24.740995,4,16842752,157286400,True,12
2,torch,torch.nn.functional.rms_norm,fwd,256,4096,bfloat16,float32,float32,1e-06,,False,38.311999,37.897601,38.649599,4210688,109.905201,3182.324817,3.453614,4,16842752,157286400,True,12
2,quack_tuned,"quack.rmsnorm.rmsnorm_bwd_tuned (CuTe, autotuned)",bwd,256,4096,bfloat16,float32,float32,1e-06,2.899322,False,14.468,14.3152,14.6512,6325248,437.188822,3182.324817,13.738033,4,25300992,157286400,True,12
2,quack,quack.rmsnorm.rmsnorm_bwd (CuTe),bwd,256,4096,bfloat16,float32,float32,1e-06,1.157565,False,14.74,14.504,14.9512,6325248,429.121302,3182.324817,13.484522,4,25300992,157286400,True,12
2,torch,torch.nn.functional.rms_norm autograd,bwd,256,4096,bfloat16,float32,float32,1e-06,,False,131.188005,129.002397,136.670396,6325248,48.21514,3182.324817,1.515092,4,25300992,157286400,True,12
2,quack_tuned,"quack.rmsnorm.rmsnorm_fwd_tuned (CuTe, autotuned)",fwd,256,4096,float32,float32,same,1e-06,1.782575,False,6.444,6.3088,6.5952,8404992,1304.312814,3182.324817,40.986162,4,33619968,157286400,True,12
2,quack,quack.rmsnorm.rmsnorm_fwd (CuTe),fwd,256,4096,float32,float32,same,1e-06,0.038196,False,6.776,6.6592,6.9952,8404992,1240.406156,3182.324817,38.977987,4,33619968,157286400,True,12
2,torch,torch.nn.functional.rms_norm,fwd,256,4096,float32,float32,same,1e-06,,False,9.392,9.2312,9.544,8404992,894.909729,3182.324817,28.121257,4,33619968,157286400,True,12
2,quack_tuned,"quack.rmsnorm.rmsnorm_bwd_tuned (CuTe, autotuned)",bwd,256,4096,float32,float32,same,1e-06,3.243842,False,16.66,16.4528,16.749601,12616704,757.305153,3182.324817,23.79723,4,50466816,157286400,True,12
2,quack,quack.rmsnorm.rmsnorm_bwd (CuTe),bwd,256,4096,float32,float32,same,1e-06,1.479168,False,17.084,16.8544,17.436801,12616704,738.509964,3182.324817,23.206618,4,50466816,157286400,True,12
2,torch,torch.nn.functional.rms_norm autograd,bwd,256,4096,float32,float32,same,1e-06,,False,33.448001,32.490401,36.123999,12616704,377.203524,3182.324817,11.853081,4,50466816,157286400,True,12
2,quack_tuned,"quack.rmsnorm.rmsnorm_fwd_tuned (CuTe, autotuned)",fwd,512,4096,float16,float16,same,1e-06,1.820661,False,6.44,6.2376,6.5728,8396800,1303.850903,3182.324817,40.971647,4,33587200,157286400,True,12
2,quack,quack.rmsnorm.rmsnorm_fwd (CuTe),fwd,512,4096,float16,float16,same,1e-06,0.036607,False,6.712,6.568,7.0904,8396800,1251.013132,3182.324817,39.311296,4,33587200,157286400,True,12
2,torch,torch.nn.functional.rms_norm,fwd,512,4096,float16,float16,same,1e-06,,False,10.784,10.58,10.9032,8396800,778.635003,3182.324817,24.46749,4,33587200,157286400,True,12
2,quack_tuned,"quack.rmsnorm.rmsnorm_bwd_tuned (CuTe, autotuned)",bwd,512,4096,float16,float16,same,1e-06,3.183401,False,19.656001,19.5064,21.896001,12601344,641.093996,3182.324817,20.145461,4,50405376,157286400,True,12
2,quack,quack.rmsnorm.rmsnorm_bwd (CuTe),bwd,512,4096,float16,float16,same,1e-06,1.485769,False,21.044,20.644001,21.574401,12601344,598.80935,3182.324817,18.816726,4,50405376,157286400,True,12
2,torch,torch.nn.functional.rms_norm autograd,bwd,512,4096,float16,float16,same,1e-06,,False,32.819999,25.857599,44.6072,12601344,383.953206,3182.324817,12.06518,4,50405376,157286400,True,12
2,quack_tuned,"quack.rmsnorm.rmsnorm_fwd_tuned (CuTe, autotuned)",fwd,512,4096,float16,float32,float32,1e-06,1.780095,False,6.456,6.248,6.6448,8404992,1301.888469,3182.324817,40.909981,4,33619968,157286400,True,12
2,quack,quack.rmsnorm.rmsnorm_fwd (CuTe),fwd,512,4096,float16,float32,float32,1e-06,0.048668,False,6.84,6.5072,6.956,8404992,1228.800013,3182.324817,38.613281,4,33619968,157286400,True,12
2,torch,torch.nn.functional.rms_norm,fwd,512,4096,float16,float32,float32,1e-06,,False,61.54,51.344799,73.1056,8404992,136.577705,3182.324817,4.291759,4,33619968,157286400,True,12
2,quack_tuned,"quack.rmsnorm.rmsnorm_bwd_tuned (CuTe, autotuned)",bwd,512,4096,float16,float32,float32,1e-06,1.897628,False,16.704001,16.531199,16.9264,12617728,755.371623,3182.324817,23.736472,4,50470912,157286400,True,12
2,quack,quack.rmsnorm.rmsnorm_bwd (CuTe),bwd,512,4096,float16,float32,float32,1e-06,1.332019,False,17.051999,16.972001,17.479199,12617728,739.955923,3182.324817,23.252055,4,50470912,157286400,True,12
2,torch,torch.nn.functional.rms_norm autograd,bwd,512,4096,float16,float32,float32,1e-06,,False,133.107997,131.536806,134.234403,12617728,94.793162,3182.324817,2.978739,4,50470912,157286400,True,12
2,quack_tuned,"quack.rmsnorm.rmsnorm_fwd_tuned (CuTe, autotuned)",fwd,512,4096,bfloat16,bfloat16,same,1e-06,1.91426,False,6.484,6.1952,6.724,8396800,1295.003082,3182.324817,40.693617,4,33587200,157286400,True,12
2,quack,quack.rmsnorm.rmsnorm_fwd (CuTe),fwd,512,4096,bfloat16,bfloat16,same,1e-06,0.038259,False,6.78,6.5488,6.8832,8396800,1238.466088,3182.324817,38.917023,4,33587200,157286400,True,12
2,torch,torch.nn.functional.rms_norm,fwd,512,4096,bfloat16,bfloat16,same,1e-06,,False,10.788,10.6608,10.8952,8396800,778.346297,3182.324817,24.458418,4,33587200,157286400,True,12
2,quack_tuned,"quack.rmsnorm.rmsnorm_bwd_tuned (CuTe, autotuned)",bwd,512,4096,bfloat16,bfloat16,same,1e-06,1.883893,False,19.796,19.6528,20.223199,12601344,636.560118,3182.324817,20.00299,4,50405376,157286400,True,12
2,quack,quack.rmsnorm.rmsnorm_bwd (CuTe),bwd,512,4096,bfloat16,bfloat16,same,1e-06,1.410129,False,21.108001,20.704799,21.451999,12601344,596.993731,3182.324817,18.759673,4,50405376,157286400,True,12
2,torch,torch.nn.functional.rms_norm autograd,bwd,512,4096,bfloat16,bfloat16,same,1e-06,,False,33.531999,32.247201,36.5624,12601344,375.800558,3182.324817,11.808994,4,50405376,157286400,True,12
2,quack_tuned,"quack.rmsnorm.rmsnorm_fwd_tuned (CuTe, autotuned)",fwd,512,4096,bfloat16,float32,float32,1e-06,1.888543,False,6.456,6.2096,6.664,8404992,1301.888469,3182.324817,40.909981,4,33619968,157286400,True,12
2,quack,quack.rmsnorm.rmsnorm_fwd (CuTe),fwd,512,4096,bfloat16,float32,float32,1e-06,0.039447,False,6.732,6.504,7.0808,8404992,1248.513362,3182.324817,39.232744,4,33619968,157286400,True,12
2,torch,torch.nn.functional.rms_norm,fwd,512,4096,bfloat16,float32,float32,1e-06,,False,50.972,50.5888,51.3048,8404992,164.894296,3182.324817,5.181567,4,33619968,157286400,True,12
2,quack_tuned,"quack.rmsnorm.rmsnorm_bwd_tuned (CuTe, autotuned)",bwd,512,4096,bfloat16,float32,float32,1e-06,3.081067,False,16.66,16.488801,17.011999,12617728,757.366618,3182.324817,23.799161,4,50470912,157286400,True,12
2,quack,quack.rmsnorm.rmsnorm_bwd (CuTe),bwd,512,4096,bfloat16,float32,float32,1e-06,1.222967,False,17.168,17.018399,17.3488,12617728,734.956183,3182.324817,23.094946,4,50470912,157286400,True,12
2,torch,torch.nn.functional.rms_norm autograd,bwd,512,4096,bfloat16,float32,float32,1e-06,,False,133.896001,131.958397,136.753604,12617728,94.235287,3182.324817,2.961209,4,50470912,157286400,True,12
2,quack_tuned,"quack.rmsnorm.rmsnorm_fwd_tuned (CuTe, autotuned)",fwd,512,4096,float32,float32,same,1e-06,1.815522,False,8.84,8.588,9.1184,16793600,1899.728452,3182.324817,59.696246,4,67174400,157286400,True,12
2,quack,quack.rmsnorm.rmsnorm_fwd (CuTe),fwd,512,4096,float32,float32,same,1e-06,0.035519,False,9.632,9.424,9.8136,16793600,1743.521637,3182.324817,54.787671,4,67174400,157286400,True,12
2,torch,torch.nn.functional.rms_norm,fwd,512,4096,float32,float32,same,1e-06,,False,11.344,11.1576,11.5552,16793600,1480.394953,3182.324817,46.519291,4,67174400,157286400,True,12
2,quack_tuned,"quack.rmsnorm.rmsnorm_bwd_tuned (CuTe, autotuned)",bwd,512,4096,float32,float32,same,1e-06,3.078005,False,20.860001,20.442399,21.0448,25200640,1208.084342,3182.324817,37.96232,4,100802560,157286400,True,12
2,quack,quack.rmsnorm.rmsnorm_bwd (CuTe),bwd,512,4096,float32,float32,same,1e-06,1.20646,False,20.8,20.5856,21.145599,25200640,1211.569227,3182.324817,38.071828,4,100802560,157286400,True,12
2,torch,torch.nn.functional.rms_norm autograd,bwd,512,4096,float32,float32,same,1e-06,,False,33.283999,32.160799,34.6496,25200640,757.139785,3182.324817,23.792033,4,100802560,157286400,True,12
2,quack_tuned,"quack.rmsnorm.rmsnorm_fwd_tuned (CuTe, autotuned)",fwd,4096,3000,float16,float16,same,1e-06,1.682845,False,21.82,21.404801,22.341601,49158000,2252.887221,3182.324817,70.793755,4,196632000,157286400,False,12
2,quack,quack.rmsnorm.rmsnorm_fwd (CuTe),fwd,4096,3000,float16,float16,same,1e-06,1.103878,False,22.604001,22.3136,22.886399,49158000,2174.74776,3182.324817,68.338334,4,196632000,157286400,False,12
2,torch,torch.nn.functional.rms_norm,fwd,4096,3000,float16,float16,same,1e-06,,False,25.904,25.808799,26.3512,49158000,1897.699211,3182.324817,59.63248,4,196632000,157286400,False,12
2,quack_tuned,"quack.rmsnorm.rmsnorm_bwd_tuned (CuTe, autotuned)",bwd,4096,3000,float16,float16,same,1e-06,2.220785,False,46.010666,45.713067,47.067732,73756384,1603.027973,3182.324817,50.372858,3,221269152,157286400,False,12
2,quack,quack.rmsnorm.rmsnorm_bwd (CuTe),bwd,4096,3000,float16,float16,same,1e-06,1.151739,False,50.639999,50.2144,51.118933,73756384,1456.484693,3182.324817,45.767946,3,221269152,157286400,False,12
2,torch,torch.nn.functional.rms_norm autograd,bwd,4096,3000,float16,float16,same,1e-06,,False,66.698665,65.473065,69.078398,73756384,1105.814989,3182.324817,34.748652,3,221269152,157286400,False,12
2,quack_tuned,"quack.rmsnorm.rmsnorm_fwd_tuned (CuTe, autotuned)",fwd,4096,3000,float16,float32,float32,1e-06,1.578192,False,22.008,21.7168,22.3112,49164000,2233.914946,3182.324817,70.197578,4,196656000,157286400,False,12
2,quack,quack.rmsnorm.rmsnorm_fwd (CuTe),fwd,4096,3000,float16,float32,float32,1e-06,1.085039,False,22.768,22.617601,23.131199,49164000,2159.346438,3182.324817,67.854369,4,196656000,157286400,False,12
2,torch,torch.nn.functional.rms_norm,fwd,4096,3000,float16,float32,float32,1e-06,,False,220.187999,219.694395,220.565601,49164000,223.281923,3182.324817,7.016315,4,196656000,157286400,False,12
2,quack_tuned,"quack.rmsnorm.rmsnorm_bwd_tuned (CuTe, autotuned)",bwd,4096,3000,float16,float32,float32,1e-06,2.285863,False,42.501333,42.0224,43.010135,73768384,1735.672249,3182.324817,54.541015,3,221305152,157286400,False,12
2,quack,quack.rmsnorm.rmsnorm_bwd (CuTe),bwd,4096,3000,float16,float32,float32,1e-06,1.150157,False,47.594666,47.219201,48.292267,73768384,1549.929634,3182.324817,48.704319,3,221305152,157286400,False,12
2,torch,torch.nn.functional.rms_norm autograd,bwd,4096,3000,float16,float32,float32,1e-06,,False,547.482669,546.45975,549.086928,73768384,134.74104,3182.324817,4.234044,3,221305152,157286400,False,12
2,quack_tuned,"quack.rmsnorm.rmsnorm_fwd_tuned (CuTe, autotuned)",fwd,4096,3000,bfloat16,bfloat16,same,1e-06,1.809628,False,21.744,21.528,22.146399,49158000,2260.761611,3182.324817,71.041196,4,196632000,157286400,False,12
2,quack,quack.rmsnorm.rmsnorm_fwd (CuTe),fwd,4096,3000,bfloat16,bfloat16,same,1e-06,1.123624,False,22.652,22.403999,23.2144,49158000,2170.139484,3182.324817,68.193525,4,196632000,157286400,False,12
2,torch,torch.nn.functional.rms_norm,fwd,4096,3000,bfloat16,bfloat16,same,1e-06,,False,25.768001,25.6216,26.037601,49158000,1907.714949,3182.324817,59.94721,4,196632000,157286400,False,12
2,quack_tuned,"quack.rmsnorm.rmsnorm_bwd_tuned (CuTe, autotuned)",bwd,4096,3000,bfloat16,bfloat16,same,1e-06,2.199553,False,46.202667,45.837868,48.338133,73756384,1596.366372,3182.324817,50.163527,3,221269152,157286400,False,12
2,quack,quack.rmsnorm.rmsnorm_bwd (CuTe),bwd,4096,3000,bfloat16,bfloat16,same,1e-06,1.157286,False,50.613334,50.043734,51.047468,73756384,1457.252042,3182.324817,45.792059,3,221269152,157286400,False,12
2,torch,torch.nn.functional.rms_norm autograd,bwd,4096,3000,bfloat16,bfloat16,same,1e-06,,False,67.423999,66.805335,68.050133,73756384,1093.918853,3182.324817,34.374833,3,221269152,157286400,False,12
2,quack_tuned,"quack.rmsnorm.rmsnorm_fwd_tuned (CuTe, autotuned)",fwd,4096,3000,bfloat16,float32,float32,1e-06,1.551444,False,22.088001,21.828,22.6752,49164000,2225.823921,3182.324817,69.943329,4,196656000,157286400,False,12
2,quack,quack.rmsnorm.rmsnorm_fwd (CuTe),fwd,4096,3000,bfloat16,float32,float32,1e-06,1.066366,False,22.78,22.556,22.860801,49164000,2158.208933,3182.324817,67.818625,4,196656000,157286400,False,12
2,torch,torch.nn.functional.rms_norm,fwd,4096,3000,bfloat16,float32,float32,1e-06,,False,219.995998,219.7552,220.587994,49164000,223.476793,3182.324817,7.022438,4,196656000,157286400,False,12
2,quack_tuned,"quack.rmsnorm.rmsnorm_bwd_tuned (CuTe, autotuned)",bwd,4096,3000,bfloat16,float32,float32,1e-06,2.281257,False,42.677333,42.162132,43.152001,73768384,1728.514387,3182.324817,54.316089,3,221305152,157286400,False,12
2,quack,quack.rmsnorm.rmsnorm_bwd (CuTe),bwd,4096,3000,bfloat16,float32,float32,1e-06,1.137205,False,48.330667,47.494401,48.696532,73768384,1526.326624,3182.324817,47.962628,3,221305152,157286400,False,12
2,torch,torch.nn.functional.rms_norm autograd,bwd,4096,3000,bfloat16,float32,float32,1e-06,,False,547.440012,545.605346,548.787208,73768384,134.751539,3182.324817,4.234374,3,221305152,157286400,False,12
2,quack_tuned,"quack.rmsnorm.rmsnorm_fwd_tuned (CuTe, autotuned)",fwd,4096,3000,float32,float32,same,1e-06,1.783691,False,40.08,39.5872,41.0272,98316000,2452.994029,3182.324817,77.081824,2,196632000,157286400,False,12
2,quack,quack.rmsnorm.rmsnorm_fwd (CuTe),fwd,4096,3000,float32,float32,same,1e-06,1.09167,False,41.192001,40.790401,41.455999,98316000,2386.774088,3182.324817,75.000958,2,196632000,157286400,False,12
2,torch,torch.nn.functional.rms_norm,fwd,4096,3000,float32,float32,same,1e-06,,False,47.136001,46.9616,47.8832,98316000,2085.79424,3182.324817,65.543097,2,196632000,157286400,False,12
2,quack_tuned,"quack.rmsnorm.rmsnorm_bwd_tuned (CuTe, autotuned)",bwd,4096,3000,float32,float32,same,1e-06,2.403309,False,69.176,68.788799,69.937596,147496384,2132.190136,3182.324817,67.001022,2,294992768,157286400,False,12
2,quack,quack.rmsnorm.rmsnorm_bwd (CuTe),bwd,4096,3000,float32,float32,same,1e-06,1.142437,False,70.0,69.091197,72.102401,147496384,2107.091191,3182.324817,66.212323,2,294992768,157286400,False,12
2,torch,torch.nn.functional.rms_norm autograd,bwd,4096,3000,float32,float32,same,1e-06,,False,132.424004,129.7424,133.806396,147496384,1113.81909,3182.324817,35.00017,2,294992768,157286400,False,12
2,quack_tuned,"quack.rmsnorm.rmsnorm_fwd_tuned (CuTe, autotuned)",fwd,4096,4096,float16,float16,same,1e-06,1.982127,False,28.528001,28.214401,30.2016,67117056,2352.672927,3182.324817,73.929378,3,201351168,157286400,False,12
2,quack,quack.rmsnorm.rmsnorm_fwd (CuTe),fwd,4096,4096,float16,float16,same,1e-06,0.080061,False,29.050667,28.7584,29.433601,67117056,2310.344763,3182.324817,72.599276,3,201351168,157286400,False,12
2,torch,torch.nn.functional.rms_norm,fwd,4096,4096,float16,float16,same,1e-06,,False,32.602667,32.346667,33.130666,67117056,2058.637009,3182.324817,64.68972,3,201351168,157286400,False,12
2,quack_tuned,"quack.rmsnorm.rmsnorm_bwd_tuned (CuTe, autotuned)",bwd,4096,4096,float16,float16,same,1e-06,3.949695,False,58.648,56.225599,61.731201,100696064,1716.9565,3182.324817,53.952899,2,201392128,157286400,False,12
2,quack,quack.rmsnorm.rmsnorm_bwd (CuTe),bwd,4096,4096,float16,float16,same,1e-06,1.138159,False,59.047999,57.806401,61.846402,100696064,1705.325599,3182.324817,53.587415,2,201392128,157286400,False,12
2,torch,torch.nn.functional.rms_norm autograd,bwd,4096,4096,float16,float16,same,1e-06,,False,89.559998,88.436799,92.073597,100696064,1124.341959,3182.324817,35.330836,2,201392128,157286400,False,12
2,quack_tuned,"quack.rmsnorm.rmsnorm_fwd_tuned (CuTe, autotuned)",fwd,4096,4096,float16,float32,float32,1e-06,2.033527,False,30.016,29.7184,30.280533,67125248,2236.31556,3182.324817,70.273014,3,201375744,157286400,False,12
2,quack,quack.rmsnorm.rmsnorm_fwd (CuTe),fwd,4096,4096,float16,float32,float32,1e-06,0.069701,False,29.989333,29.814401,30.993067,67125248,2238.304118,3182.324817,70.335501,3,201375744,157286400,False,12
2,torch,torch.nn.functional.rms_norm,fwd,4096,4096,float16,float32,float32,1e-06,,False,296.229333,291.873074,296.70613,67125248,226.598924,3182.324817,7.120547,3,201375744,157286400,False,12
2,quack_tuned,"quack.rmsnorm.rmsnorm_bwd_tuned (CuTe, autotuned)",bwd,4096,4096,float16,float32,float32,1e-06,2.873441,False,57.68,57.2672,59.369599,100712448,1746.054935,3182.324817,54.867276,2,201424896,157286400,False,12
2,quack,quack.rmsnorm.rmsnorm_bwd (CuTe),bwd,4096,4096,float16,float32,float32,1e-06,1.442566,False,53.432001,52.998401,55.348801,100712448,1884.87136,3182.324817,59.229383,2,201424896,157286400,False,12
2,torch,torch.nn.functional.rms_norm autograd,bwd,4096,4096,float16,float32,float32,1e-06,,False,722.808003,717.278421,728.924781,100712448,139.334993,3182.324817,4.378403,2,201424896,157286400,False,12
2,quack_tuned,"quack.rmsnorm.rmsnorm_fwd_tuned (CuTe, autotuned)",fwd,4096,4096,bfloat16,bfloat16,same,1e-06,1.789917,False,28.506668,28.034133,30.356267,67117056,2354.433594,3182.324817,73.984704,3,201351168,157286400,False,12
2,quack,quack.rmsnorm.rmsnorm_fwd (CuTe),fwd,4096,4096,bfloat16,bfloat16,same,1e-06,0.08101,False,29.146668,28.823468,29.5968,67117056,2302.735153,3182.324817,72.360154,3,201351168,157286400,False,12
2,torch,torch.nn.functional.rms_norm,fwd,4096,4096,bfloat16,bfloat16,same,1e-06,,False,32.421334,32.235733,33.2416,67117056,2070.150948,3182.324817,65.051529,3,201351168,157286400,False,12
2,quack_tuned,"quack.rmsnorm.rmsnorm_bwd_tuned (CuTe, autotuned)",bwd,4096,4096,bfloat16,bfloat16,same,1e-06,2.991745,False,58.800001,57.963201,59.710401,100696064,1712.518075,3182.324817,53.813428,2,201392128,157286400,False,12
2,quack,quack.rmsnorm.rmsnorm_bwd (CuTe),bwd,4096,4096,bfloat16,bfloat16,same,1e-06,1.276302,False,59.928,59.6336,60.72,100696064,1680.284075,3182.324817,52.800521,2,201392128,157286400,False,12
2,torch,torch.nn.functional.rms_norm autograd,bwd,4096,4096,bfloat16,bfloat16,same,1e-06,,False,94.856001,93.227198,96.219202,100696064,1061.567665,3182.324817,33.358244,2,201392128,157286400,False,12
2,quack_tuned,"quack.rmsnorm.rmsnorm_fwd_tuned (CuTe, autotuned)",fwd,4096,4096,bfloat16,float32,float32,1e-06,1.556894,False,28.736,28.3712,29.864533,67125248,2335.928709,3182.324817,73.403214,3,201375744,157286400,False,12
2,quack,quack.rmsnorm.rmsnorm_fwd (CuTe),fwd,4096,4096,bfloat16,float32,float32,1e-06,0.079264,False,29.061334,28.7392,29.207466,67125248,2309.778655,3182.324817,72.581486,3,201375744,157286400,False,12
2,torch,torch.nn.functional.rms_norm,fwd,4096,4096,bfloat16,float32,float32,1e-06,,False,292.117327,291.527466,292.669868,67125248,229.788656,3182.324817,7.220779,3,201375744,157286400,False,12
2,quack_tuned,"quack.rmsnorm.rmsnorm_bwd_tuned (CuTe, autotuned)",bwd,4096,4096,bfloat16,float32,float32,1e-06,2.925919,False,53.336,52.8512,53.993601,100712448,1888.263984,3182.324817,59.335992,2,201424896,157286400,False,12
2,quack,quack.rmsnorm.rmsnorm_bwd (CuTe),bwd,4096,4096,bfloat16,float32,float32,1e-06,1.152387,False,53.663999,53.124798,54.3136,100712448,1876.72276,3182.324817,58.973325,2,201424896,157286400,False,12
2,torch,torch.nn.functional.rms_norm autograd,bwd,4096,4096,bfloat16,float32,float32,1e-06,,False,721.103996,719.140786,723.60642,100712448,139.664249,3182.324817,4.388749,2,201424896,157286400,False,12
2,quack_tuned,"quack.rmsnorm.rmsnorm_fwd_tuned (CuTe, autotuned)",fwd,4096,4096,float32,float32,same,1e-06,1.754296,False,52.111998,51.832,52.7936,134234112,2575.877277,3182.324817,80.943255,2,268468224,157286400,False,12
2,quack,quack.rmsnorm.rmsnorm_fwd (CuTe),fwd,4096,4096,float32,float32,same,1e-06,0.126939,False,52.288,51.8336,53.132799,134234112,2567.206877,3182.324817,80.6708,2,268468224,157286400,False,12
2,torch,torch.nn.functional.rms_norm,fwd,4096,4096,float32,float32,same,1e-06,,False,69.688,68.763202,70.8768,134234112,1926.215595,3182.324817,60.528567,2,268468224,157286400,False,12
2,quack_tuned,"quack.rmsnorm.rmsnorm_bwd_tuned (CuTe, autotuned)",bwd,4096,4096,float32,float32,same,1e-06,3.215713,False,89.951999,89.5408,91.203202,201375744,2238.702254,3182.324817,70.348012,2,402751488,157286400,False,12
2,quack,quack.rmsnorm.rmsnorm_bwd (CuTe),bwd,4096,4096,float32,float32,same,1e-06,1.228792,False,92.055999,91.286398,94.2976,201375744,2187.535269,3182.324817,68.740163,2,402751488,157286400,False,12
2,torch,torch.nn.functional.rms_norm autograd,bwd,4096,4096,float32,float32,same,1e-06,,False,176.175997,173.561598,179.286405,201375744,1143.037348,3182.324817,35.918312,2,402751488,157286400,False,12
2,quack_tuned,"quack.rmsnorm.rmsnorm_fwd_tuned (CuTe, autotuned)",fwd,32768,1024,float16,float16,same,1e-06,1.700988,False,53.352,52.521601,55.041599,134219776,2515.740282,3182.324817,79.053536,2,268439552,157286400,False,12
2,quack,quack.rmsnorm.rmsnorm_fwd (CuTe),fwd,32768,1024,float16,float16,same,1e-06,1.136751,False,52.048,51.230399,52.3808,134219776,2578.769157,3182.324817,81.034128,2,268439552,157286400,False,12
2,torch,torch.nn.functional.rms_norm,fwd,32768,1024,float16,float16,same,1e-06,,False,57.575999,57.156799,58.1056,134219776,2331.175815,3182.324817,73.253862,2,268439552,157286400,False,12
2,quack_tuned,"quack.rmsnorm.rmsnorm_bwd_tuned (CuTe, autotuned)",bwd,32768,1024,float16,float16,same,1e-06,2.566345,False,93.679998,93.022397,94.3776,201461760,2150.531214,3182.324817,67.577364,2,402923520,157286400,False,12
2,quack,quack.rmsnorm.rmsnorm_bwd (CuTe),bwd,32768,1024,float16,float16,same,1e-06,1.174907,False,93.088001,92.024,94.462401,201461760,2164.207608,3182.324817,68.007125,2,402923520,157286400,False,12
2,torch,torch.nn.functional.rms_norm autograd,bwd,32768,1024,float16,float16,same,1e-06,,False,210.504003,208.399996,212.268797,201461760,957.044794,3182.324817,30.073762,2,402923520,157286400,False,12
2,quack_tuned,"quack.rmsnorm.rmsnorm_fwd_tuned (CuTe, autotuned)",fwd,32768,1024,float16,float32,float32,1e-06,1.96259,False,52.944001,52.571201,54.083199,134221824,2535.165872,3182.324817,79.663957,2,268443648,157286400,False,12
2,quack,quack.rmsnorm.rmsnorm_fwd (CuTe),fwd,32768,1024,float16,float32,float32,1e-06,1.213028,False,52.912001,52.560002,53.604799,134221824,2536.699096,3182.324817,79.712136,2,268443648,157286400,False,12
2,torch,torch.nn.functional.rms_norm,fwd,32768,1024,float16,float32,float32,1e-06,,False,552.031994,550.687975,553.780788,134221824,243.141386,3182.324817,7.64037,2,268443648,157286400,False,12
2,quack_tuned,"quack.rmsnorm.rmsnorm_bwd_tuned (CuTe, autotuned)",bwd,32768,1024,float16,float32,float32,1e-06,2.672223,False,91.192,90.574397,92.224002,201465856,2209.249242,3182.324817,69.422494,2,402931712,157286400,False,12
2,quack,quack.rmsnorm.rmsnorm_bwd (CuTe),bwd,32768,1024,float16,float32,float32,1e-06,1.218809,False,90.76,90.374403,91.206398,201465856,2219.764829,3182.324817,69.752931,2,402931712,157286400,False,12
2,torch,torch.nn.functional.rms_norm autograd,bwd,32768,1024,float16,float32,float32,1e-06,,False,1357.288003,1355.196762,1375.372827,201465856,148.432651,3182.324817,4.664283,2,402931712,157286400,False,12
2,quack_tuned,"quack.rmsnorm.rmsnorm_fwd_tuned (CuTe, autotuned)",fwd,32768,1024,bfloat16,bfloat16,same,1e-06,1.933172,False,52.960001,52.3744,54.057599,134219776,2534.361285,3182.324817,79.638674,2,268439552,157286400,False,12
2,quack,quack.rmsnorm.rmsnorm_fwd (CuTe),fwd,32768,1024,bfloat16,bfloat16,same,1e-06,1.130833,False,51.656,51.228799,52.328,134219776,2598.338531,3182.324817,81.649067,2,268439552,157286400,False,12
2,torch,torch.nn.functional.rms_norm,fwd,32768,1024,bfloat16,bfloat16,same,1e-06,,False,57.599999,57.304,58.1344,134219776,2330.204484,3182.324817,73.223339,2,268439552,157286400,False,12
2,quack_tuned,"quack.rmsnorm.rmsnorm_bwd_tuned (CuTe, autotuned)",bwd,32768,1024,bfloat16,bfloat16,same,1e-06,2.59285,False,93.192,92.446403,94.419201,201461760,2161.79243,3182.324817,67.931231,2,402923520,157286400,False,12
2,quack,quack.rmsnorm.rmsnorm_bwd (CuTe),bwd,32768,1024,bfloat16,bfloat16,same,1e-06,1.186724,False,93.095999,92.083197,94.099198,201461760,2164.021673,3182.324817,68.001282,2,402923520,157286400,False,12
2,torch,torch.nn.functional.rms_norm autograd,bwd,32768,1024,bfloat16,bfloat16,same,1e-06,,False,202.639997,201.448005,203.919996,201461760,994.185565,3182.324817,31.240858,2,402923520,157286400,False,12
2,quack_tuned,"quack.rmsnorm.rmsnorm_fwd_tuned (CuTe, autotuned)",fwd,32768,1024,bfloat16,float32,float32,1e-06,1.537543,False,52.920001,52.126398,53.896001,134221824,2536.315616,3182.324817,79.700086,2,268443648,157286400,False,12
2,quack,quack.rmsnorm.rmsnorm_fwd (CuTe),fwd,32768,1024,bfloat16,float32,float32,1e-06,1.092708,False,52.912001,52.465601,54.094399,134221824,2536.699096,3182.324817,79.712136,2,268443648,157286400,False,12
2,torch,torch.nn.functional.rms_norm,fwd,32768,1024,bfloat16,float32,float32,1e-06,,False,552.920014,551.782417,554.263979,134221824,242.750887,3182.324817,7.628099,2,268443648,157286400,False,12
2,quack_tuned,"quack.rmsnorm.rmsnorm_bwd_tuned (CuTe, autotuned)",bwd,32768,1024,bfloat16,float32,float32,1e-06,2.562064,False,91.015998,90.292799,92.377603,201465856,2213.521357,3182.324817,69.556739,2,402931712,157286400,False,12
2,quack,quack.rmsnorm.rmsnorm_bwd (CuTe),bwd,32768,1024,bfloat16,float32,float32,1e-06,1.170578,False,92.367999,91.615997,93.187202,201465856,2181.121791,3182.324817,68.538629,2,402931712,157286400,False,12
2,torch,torch.nn.functional.rms_norm autograd,bwd,32768,1024,bfloat16,float32,float32,1e-06,,False,1354.831994,1353.393567,1378.878438,201465856,148.701726,3182.324817,4.672739,2,402931712,157286400,False,12
2,quack_tuned,"quack.rmsnorm.rmsnorm_fwd_tuned (CuTe, autotuned)",fwd,32768,1024,float32,float32,same,1e-06,1.929281,False,96.591998,95.9456,97.3248,268439552,2779.107564,3182.324817,87.329475,2,536879104,157286400,False,12
2,quack,quack.rmsnorm.rmsnorm_fwd (CuTe),fwd,32768,1024,float32,float32,same,1e-06,1.172357,False,96.223999,95.747202,97.006398,268439552,2789.735984,3182.324817,87.663458,2,536879104,157286400,False,12
2,torch,torch.nn.functional.rms_norm,fwd,32768,1024,float32,float32,same,1e-06,,False,98.696001,98.073598,99.398398,268439552,2719.862503,3182.324817,85.467784,2,536879104,157286400,False,12
2,quack_tuned,"quack.rmsnorm.rmsnorm_bwd_tuned (CuTe, autotuned)",bwd,32768,1024,float32,float32,same,1e-06,2.760934,False,155.744001,155.220804,156.675197,402792448,2586.246948,3182.324817,81.269107,2,805584896,157286400,False,12
2,quack,quack.rmsnorm.rmsnorm_bwd (CuTe),bwd,32768,1024,float32,float32,same,1e-06,1.230239,False,160.832003,160.339202,162.024005,402792448,2504.429722,3182.324817,78.698117,2,805584896,157286400,False,12
2,torch,torch.nn.functional.rms_norm autograd,bwd,32768,1024,float32,float32,same,1e-06,,False,289.223999,288.246402,293.206391,402792448,1392.666064,3182.324817,43.762537,2,805584896,157286400,False,12
2,quack_tuned,"quack.rmsnorm.rmsnorm_fwd_tuned (CuTe, autotuned)",fwd,32768,2048,float16,float16,same,1e-06,1.650397,False,96.464001,96.011198,97.984002,268439552,2782.795138,3182.324817,87.445352,2,536879104,157286400,False,12
2,quack,quack.rmsnorm.rmsnorm_fwd (CuTe),fwd,32768,2048,float16,float16,same,1e-06,1.156494,False,96.776001,95.968001,97.052801,268439552,2773.82356,3182.324817,87.163433,2,536879104,157286400,False,12
2,torch,torch.nn.functional.rms_norm,fwd,32768,2048,float16,float16,same,1e-06,,False,103.424001,103.119999,103.838401,268439552,2595.524715,3182.324817,81.560647,2,536879104,157286400,False,12
2,quack_tuned,"quack.rmsnorm.rmsnorm_bwd_tuned (CuTe, autotuned)",bwd,32768,2048,float16,float16,same,1e-06,2.907239,False,168.632001,167.894401,170.017606,402792448,2388.588443,3182.324817,75.057971,2,805584896,157286400,False,12
2,quack,quack.rmsnorm.rmsnorm_bwd (CuTe),bwd,32768,2048,float16,float16,same,1e-06,1.19473,False,169.696003,169.004804,170.430401,402792448,2373.611873,3182.324817,74.587354,2,805584896,157286400,False,12
2,torch,torch.nn.functional.rms_norm autograd,bwd,32768,2048,float16,float16,same,1e-06,,False,298.928007,297.382402,303.128007,402792448,1347.45637,3182.324817,42.341887,2,805584896,157286400,False,12
2,quack_tuned,"quack.rmsnorm.rmsnorm_fwd_tuned (CuTe, autotuned)",fwd,32768,2048,float16,float32,float32,1e-06,1.687527,False,96.584,95.968001,97.3552,268443648,2779.380113,3182.324817,87.33804,2,536887296,157286400,False,12
2,quack,quack.rmsnorm.rmsnorm_fwd (CuTe),fwd,32768,2048,float16,float32,float32,1e-06,1.154624,False,98.983999,98.065598,99.622399,268443648,2711.990319,3182.324817,85.220412,2,536887296,157286400,False,12
2,torch,torch.nn.functional.rms_norm,fwd,32768,2048,float16,float32,float32,1e-06,,False,1070.240021,1067.251217,1072.150421,268443648,250.825649,3182.324817,7.881837,2,536887296,157286400,False,12
2,quack_tuned,"quack.rmsnorm.rmsnorm_bwd_tuned (CuTe, autotuned)",bwd,32768,2048,float16,float32,float32,1e-06,4.063396,False,196.520001,189.188798,232.460804,402800640,2049.667406,3182.324817,64.407863,2,805601280,157286400,False,12
2,quack,quack.rmsnorm.rmsnorm_bwd (CuTe),bwd,32768,2048,float16,float32,float32,1e-06,3.80781,False,186.416,173.574397,194.947197,402800640,2160.762165,3182.324817,67.898857,2,805601280,157286400,False,12
2,torch,torch.nn.functional.rms_norm autograd,bwd,32768,2048,float16,float32,float32,1e-06,,False,2592.711926,2589.696002,2626.177692,402800640,155.35881,3182.324817,4.881928,2,805601280,157286400,False,12
2,quack_tuned,"quack.rmsnorm.rmsnorm_fwd_tuned (CuTe, autotuned)",fwd,32768,2048,bfloat16,bfloat16,same,1e-06,2.056761,False,96.503999,95.937597,97.519998,268439552,2781.641741,3182.324817,87.409108,2,536879104,157286400,False,12
2,quack,quack.rmsnorm.rmsnorm_fwd (CuTe),fwd,32768,2048,bfloat16,bfloat16,same,1e-06,1.347277,False,96.760001,96.172802,97.433601,268439552,2774.282236,3182.324817,87.177846,2,536879104,157286400,False,12
2,torch,torch.nn.functional.rms_norm,fwd,32768,2048,bfloat16,bfloat16,same,1e-06,,False,104.079999,103.7136,104.566403,268439552,2579.165589,3182.324817,81.046585,2,536879104,157286400,False,12
2,quack_tuned,"quack.rmsnorm.rmsnorm_bwd_tuned (CuTe, autotuned)",bwd,32768,2048,bfloat16,bfloat16,same,1e-06,2.994288,False,165.968001,165.201601,167.300801,402792448,2426.928359,3182.324817,76.262748,2,805584896,157286400,False,12
2,quack,quack.rmsnorm.rmsnorm_bwd (CuTe),bwd,32768,2048,bfloat16,bfloat16,same,1e-06,1.275748,False,170.368001,169.367994,171.079999,402792448,2364.249425,3182.324817,74.293152,2,805584896,157286400,False,12
2,torch,torch.nn.functional.rms_norm autograd,bwd,32768,2048,bfloat16,bfloat16,same,1e-06,,False,289.616004,287.000006,291.524789,402792448,1390.781044,3182.324817,43.703303,2,805584896,157286400,False,12
2,quack_tuned,"quack.rmsnorm.rmsnorm_fwd_tuned (CuTe, autotuned)",fwd,32768,2048,bfloat16,float32,float32,1e-06,1.911182,False,96.736003,95.9024,97.729603,268443648,2775.012823,3182.324817,87.200804,2,536887296,157286400,False,12
2,quack,quack.rmsnorm.rmsnorm_fwd (CuTe),fwd,32768,2048,bfloat16,float32,float32,1e-06,1.265108,False,99.152002,98.726399,101.433601,268443648,2707.395123,3182.324817,85.076015,2,536887296,157286400,False,12
2,torch,torch.nn.functional.rms_norm,fwd,32768,2048,bfloat16,float32,float32,1e-06,,False,1072.152019,1069.93283,1075.678444,268443648,250.378345,3182.324817,7.867781,2,536887296,157286400,False,12
2,quack_tuned,"quack.rmsnorm.rmsnorm_bwd_tuned (CuTe, autotuned)",bwd,32768,2048,bfloat16,float32,float32,1e-06,3.33415,False,164.399996,163.739195,170.820799,402800640,2450.125601,3182.324817,76.991688,2,805601280,157286400,False,12
2,quack,quack.rmsnorm.rmsnorm_bwd (CuTe),bwd,32768,2048,bfloat16,float32,float32,1e-06,1.371554,False,168.855995,167.171195,173.0736,402800640,2385.4684,3182.324817,74.959928,2,805601280,157286400,False,12
2,torch,torch.nn.functional.rms_norm autograd,bwd,32768,2048,bfloat16,float32,float32,1e-06,,False,2602.367997,2600.220895,2608.272099,402800640,154.782352,3182.324817,4.863814,2,805601280,157286400,False,12
2,quack_tuned,"quack.rmsnorm.rmsnorm_fwd_tuned (CuTe, autotuned)",fwd,32768,2048,float32,float32,same,1e-06,3.322848,False,185.327999,184.340802,188.316798,536879104,2896.913073,3182.324817,91.031345,2,1073758208,157286400,False,12
2,quack,quack.rmsnorm.rmsnorm_fwd (CuTe),fwd,32768,2048,float32,float32,same,1e-06,1.61187,False,191.408001,190.2016,192.145596,536879104,2804.893743,3182.324817,88.139769,2,1073758208,157286400,False,12
2,torch,torch.nn.functional.rms_norm,fwd,32768,2048,float32,float32,same,1e-06,,False,243.288003,240.662399,244.571203,536879104,2206.763579,3182.324817,69.344385,2,1073758208,157286400,False,12
2,quack_tuned,"quack.rmsnorm.rmsnorm_bwd_tuned (CuTe, autotuned)",bwd,32768,2048,float32,float32,same,1e-06,3.222382,False,297.359988,296.595198,299.028808,805453824,2708.682594,3182.324817,85.116471,2,1610907648,157286400,False,12
2,quack,quack.rmsnorm.rmsnorm_bwd (CuTe),bwd,32768,2048,float32,float32,same,1e-06,1.749901,False,306.383997,305.380791,308.075199,805453824,2628.903048,3182.324817,82.609513,2,1610907648,157286400,False,12
2,torch,torch.nn.functional.rms_norm autograd,bwd,32768,2048,float32,float32,same,1e-06,,False,612.75202,601.225621,616.700798,805453824,1314.485791,3182.324817,41.305834,2,1610907648,157286400,False,12
2,quack_tuned,"quack.rmsnorm.rmsnorm_fwd_tuned (CuTe, autotuned)",fwd,32768,4096,float16,float16,same,1e-06,2.210884,False,183.912002,183.585604,184.5504,536879104,2919.21734,3182.324817,91.732224,2,1073758208,157286400,False,12
2,quack,quack.rmsnorm.rmsnorm_fwd (CuTe),fwd,32768,4096,float16,float16,same,1e-06,0.518863,False,184.535995,183.9504,184.798403,536879104,2909.346242,3182.324817,91.422039,2,1073758208,157286400,False,12
2,torch,torch.nn.functional.rms_norm,fwd,32768,4096,float16,float16,same,1e-06,,False,262.032002,258.211207,266.536012,536879104,2048.90662,3182.324817,64.383956,2,1073758208,157286400,False,12
2,quack_tuned,"quack.rmsnorm.rmsnorm_bwd_tuned (CuTe, autotuned)",bwd,32768,4096,float16,float16,same,1e-06,3.60839,False,294.111997,291.808,298.249611,805453824,2738.595612,3182.324817,86.056445,2,1610907648,157286400,False,12
2,quack,quack.rmsnorm.rmsnorm_bwd (CuTe),bwd,32768,4096,float16,float16,same,1e-06,1.755014,False,292.824,290.835211,295.4768,805453824,2750.641422,3182.324817,86.434968,2,1610907648,157286400,False,12
2,torch,torch.nn.functional.rms_norm autograd,bwd,32768,4096,float16,float16,same,1e-06,,False,637.223989,634.31198,640.632015,805453824,1264.004241,3182.324817,39.719523,2,1610907648,157286400,False,12
2,quack_tuned,"quack.rmsnorm.rmsnorm_fwd_tuned (CuTe, autotuned)",fwd,32768,4096,float16,float32,float32,1e-06,2.22671,False,184.887998,183.747202,188.108805,536887296,2903.851534,3182.324817,91.249376,2,1073774592,157286400,False,12
2,quack,quack.rmsnorm.rmsnorm_fwd (CuTe),fwd,32768,4096,float16,float32,float32,1e-06,0.520414,False,185.36,183.980793,188.32,536887296,2896.45715,3182.324817,91.017018,2,1073774592,157286400,False,12
2,torch,torch.nn.functional.rms_norm,fwd,32768,4096,float16,float32,float32,1e-06,,False,2086.400032,2084.769702,2087.353516,536887296,257.327113,3182.324817,8.086136,2,1073774592,157286400,False,12
2,quack_tuned,"quack.rmsnorm.rmsnorm_bwd_tuned (CuTe, autotuned)",bwd,32768,4096,float16,float32,float32,1e-06,3.498831,False,282.647997,282.040009,284.014389,805470208,2849.729049,3182.324817,89.548654,2,1610940416,157286400,False,12
2,quack,quack.rmsnorm.rmsnorm_bwd (CuTe),bwd,32768,4096,float16,float32,float32,1e-06,1.682516,False,296.744004,295.784009,297.862408,805470208,2714.360518,3182.324817,85.294892,2,1610940416,157286400,False,12
2,torch,torch.nn.functional.rms_norm autograd,bwd,32768,4096,float16,float32,float32,1e-06,,False,5074.280024,5062.700891,5124.611044,805470208,158.735861,3182.324817,4.988047,2,1610940416,157286400,False,12
2,quack_tuned,"quack.rmsnorm.rmsnorm_fwd_tuned (CuTe, autotuned)",fwd,32768,4096,bfloat16,bfloat16,same,1e-06,2.220538,False,184.040003,182.865605,211.073597,536879104,2917.187006,3182.324817,91.668424,2,1073758208,157286400,False,12
2,quack,quack.rmsnorm.rmsnorm_fwd (CuTe),fwd,32768,4096,bfloat16,bfloat16,same,1e-06,0.522558,False,184.472002,183.798406,185.510404,536879104,2910.35549,3182.324817,91.453753,2,1073758208,157286400,False,12
2,torch,torch.nn.functional.rms_norm,fwd,32768,4096,bfloat16,bfloat16,same,1e-06,,False,266.632006,265.120012,267.558393,536879104,2013.558361,3182.324817,63.273188,2,1073758208,157286400,False,12
2,quack_tuned,"quack.rmsnorm.rmsnorm_bwd_tuned (CuTe, autotuned)",bwd,32768,4096,bfloat16,bfloat16,same,1e-06,3.541811,False,292.895988,292.30561,294.6192,805453824,2749.965373,3182.324817,86.413724,2,1610907648,157286400,False,12
2,quack,quack.rmsnorm.rmsnorm_bwd (CuTe),bwd,32768,4096,bfloat16,bfloat16,same,1e-06,1.859286,False,290.583998,289.515188,291.603193,805453824,2771.845076,3182.324817,87.101262,2,1610907648,157286400,False,12
2,torch,torch.nn.functional.rms_norm autograd,bwd,32768,4096,bfloat16,bfloat16,same,1e-06,,False,650.399983,646.787214,655.694425,805453824,1238.397671,3182.324817,38.914873,2,1610907648,157286400,False,12
2,quack_tuned,"quack.rmsnorm.rmsnorm_fwd_tuned (CuTe, autotuned)",fwd,32768,4096,bfloat16,float32,float32,1e-06,2.215411,False,185.071997,183.808002,185.769595,536887296,2900.96451,3182.324817,91.158655,2,1073774592,157286400,False,12
2,quack,quack.rmsnorm.rmsnorm_fwd (CuTe),fwd,32768,4096,bfloat16,float32,float32,1e-06,0.520383,False,184.320003,183.574401,184.945594,536887296,2912.799956,3182.324817,91.530567,2,1073774592,157286400,False,12
2,torch,torch.nn.functional.rms_norm,fwd,32768,4096,bfloat16,float32,float32,1e-06,,False,2091.18402,2089.918303,2094.246364,536887296,256.738427,3182.324817,8.067637,2,1073774592,157286400,False,12
2,quack_tuned,"quack.rmsnorm.rmsnorm_bwd_tuned (CuTe, autotuned)",bwd,32768,4096,bfloat16,float32,float32,1e-06,3.650336,False,281.927988,281.049609,284.041595,805470208,2857.006904,3182.324817,89.77735,2,1610940416,157286400,False,12
2,quack,quack.rmsnorm.rmsnorm_bwd (CuTe),bwd,32768,4096,bfloat16,float32,float32,1e-06,1.538691,False,296.103999,294.814405,299.5168,805470208,2720.227389,3182.324817,85.47925,2,1610940416,157286400,False,12
2,torch,torch.nn.functional.rms_norm autograd,bwd,32768,4096,bfloat16,float32,float32,1e-06,,False,5084.55205,5070.913696,5152.014589,805470208,158.415176,3182.324817,4.97797,2,1610940416,157286400,False,12
2,quack_tuned,"quack.rmsnorm.rmsnorm_fwd_tuned (CuTe, autotuned)",fwd,32768,4096,float32,float32,same,1e-06,3.535798,False,360.615999,359.985605,362.099198,1073758208,2977.566754,3182.324817,93.565771,2,2147516416,157286400,False,12
2,quack,quack.rmsnorm.rmsnorm_fwd (CuTe),fwd,32768,4096,float32,float32,same,1e-06,1.045504,False,361.047998,360.355195,361.435211,1073758208,2974.004049,3182.324817,93.453818,2,2147516416,157286400,False,12
2,torch,torch.nn.functional.rms_norm,fwd,32768,4096,float32,float32,same,1e-06,,False,522.311985,519.312006,525.526398,1073758208,2055.779377,3182.324817,64.599923,2,2147516416,157286400,False,12
2,quack_tuned,"quack.rmsnorm.rmsnorm_bwd_tuned (CuTe, autotuned)",bwd,32768,4096,float32,float32,same,1e-06,3.952699,False,557.072014,556.097579,558.936024,1610776576,2891.505114,3182.324817,90.861407,2,3221553152,157286400,False,12
2,quack,quack.rmsnorm.rmsnorm_bwd (CuTe),bwd,32768,4096,float32,float32,same,1e-06,2.045754,False,564.071983,562.785602,565.998381,1610776576,2855.622375,3182.324817,89.733844,2,3221553152,157286400,False,12
2,torch,torch.nn.functional.rms_norm autograd,bwd,32768,4096,float32,float32,same,1e-06,,False,1230.271995,1225.633621,1232.836831,1610776576,1309.284924,3182.324817,41.142404,2,3221553152,157286400,False,12
2,quack_tuned,"quack.rmsnorm.rmsnorm_fwd_tuned (CuTe, autotuned)",fwd,32768,8192,float16,float16,same,1e-06,4.544693,False,359.663993,359.035188,360.620791,1073758208,2985.448164,3182.324817,93.813433,2,2147516416,157286400,False,12
2,quack,quack.rmsnorm.rmsnorm_fwd (CuTe),fwd,32768,8192,float16,float16,same,1e-06,1.78629,False,360.312,359.865609,362.468797,1073758208,2980.078954,3182.324817,93.644713,2,2147516416,157286400,False,12
2,torch,torch.nn.functional.rms_norm,fwd,32768,8192,float16,float16,same,1e-06,,False,538.640022,538.148814,539.633572,1073758208,1993.461614,3182.324817,62.641676,2,2147516416,157286400,False,12
2,quack_tuned,"quack.rmsnorm.rmsnorm_bwd_tuned (CuTe, autotuned)",bwd,32768,8192,float16,float16,same,1e-06,3.535166,False,541.919976,541.215986,544.195193,1610776576,2972.351354,3182.324817,93.401885,2,3221553152,157286400,False,12
2,quack,quack.rmsnorm.rmsnorm_bwd (CuTe),bwd,32768,8192,float16,float16,same,1e-06,2.042885,False,593.416005,591.947192,595.995194,1610776576,2714.413769,3182.324817,85.296565,2,3221553152,157286400,False,12
2,torch,torch.nn.functional.rms_norm autograd,bwd,32768,8192,float16,float16,same,1e-06,,False,1378.127992,1375.675154,1383.46405,1610776576,1168.814932,3182.324817,36.728335,2,3221553152,157286400,False,12
2,quack_tuned,"quack.rmsnorm.rmsnorm_fwd_tuned (CuTe, autotuned)",fwd,32768,8192,float16,float32,float32,1e-06,3.894347,False,359.528005,358.915189,361.236805,1073774592,2986.622952,3182.324817,93.850349,2,2147549184,157286400,False,12
2,quack,quack.rmsnorm.rmsnorm_fwd (CuTe),fwd,32768,8192,float16,float32,float32,1e-06,1.785501,False,358.224005,357.702398,359.26719,1073774592,2997.494804,3182.324817,94.191982,2,2147549184,157286400,False,12
2,torch,torch.nn.functional.rms_norm,fwd,32768,8192,float16,float32,float32,1e-06,,False,4121.255875,4119.220924,4124.492931,1073774592,260.54548,3182.324817,8.187269,2,2147549184,157286400,False,12
2,quack_tuned,"quack.rmsnorm.rmsnorm_bwd_tuned (CuTe, autotuned)",bwd,32768,8192,float16,float32,float32,1e-06,3.615981,False,538.448006,537.08958,540.390426,1610809344,2991.578251,3182.324817,94.006062,2,3221618688,157286400,False,12
2,quack,quack.rmsnorm.rmsnorm_bwd (CuTe),bwd,32768,8192,float16,float32,float32,1e-06,2.038091,False,575.792015,575.139207,578.72318,1610809344,2797.554157,3182.324817,87.909133,2,3221618688,157286400,False,12
2,torch,torch.nn.functional.rms_norm autograd,bwd,32768,8192,float16,float32,float32,1e-06,,False,10041.999817,10029.776382,10090.340614,1610809344,160.407227,3182.324817,5.040567,2,3221618688,157286400,False,12
2,quack_tuned,"quack.rmsnorm.rmsnorm_fwd_tuned (CuTe, autotuned)",fwd,32768,8192,bfloat16,bfloat16,same,1e-06,3.215631,False,358.904004,357.948795,365.526399,1073758208,2991.769932,3182.324817,94.012086,2,2147516416,157286400,False,12
2,quack,quack.rmsnorm.rmsnorm_fwd (CuTe),fwd,32768,8192,bfloat16,bfloat16,same,1e-06,1.780688,False,359.687999,359.175989,360.119987,1073758208,2985.248914,3182.324817,93.807172,2,2147516416,157286400,False,12
2,torch,torch.nn.functional.rms_norm,fwd,32768,8192,bfloat16,bfloat16,same,1e-06,,False,537.992001,537.478375,538.83999,1073758208,1995.862776,3182.324817,62.717129,2,2147516416,157286400,False,12
2,quack_tuned,"quack.rmsnorm.rmsnorm_bwd_tuned (CuTe, autotuned)",bwd,32768,8192,bfloat16,bfloat16,same,1e-06,3.568583,False,540.607989,540.431976,542.779183,1610776576,2979.564877,3182.324817,93.628559,2,3221553152,157286400,False,12
2,quack,quack.rmsnorm.rmsnorm_bwd (CuTe),bwd,32768,8192,bfloat16,bfloat16,same,1e-06,1.956646,False,595.088005,593.038386,596.950388,1610776576,2706.787168,3182.324817,85.05691,2,3221553152,157286400,False,12
2,torch,torch.nn.functional.rms_norm autograd,bwd,32768,8192,bfloat16,bfloat16,same,1e-06,,False,1361.26405,1356.431949,1367.972755,1610776576,1183.29473,3182.324817,37.183342,2,3221553152,157286400,False,12
2,quack_tuned,"quack.rmsnorm.rmsnorm_fwd_tuned (CuTe, autotuned)",fwd,32768,8192,bfloat16,float32,float32,1e-06,3.883275,False,358.791992,358.265612,359.844813,1073774592,2992.749603,3182.324817,94.04287,2,2147549184,157286400,False,12
2,quack,quack.rmsnorm.rmsnorm_fwd (CuTe),fwd,32768,8192,bfloat16,float32,float32,1e-06,1.610419,False,358.552009,358.206397,358.830401,1073774592,2994.752687,3182.324817,94.105814,2,2147549184,157286400,False,12
2,torch,torch.nn.functional.rms_norm,fwd,32768,8192,bfloat16,float32,float32,1e-06,,False,4130.495787,4127.993679,4133.871984,1073774592,259.962641,3182.324817,8.168954,2,2147549184,157286400,False,12
2,quack_tuned,"quack.rmsnorm.rmsnorm_bwd_tuned (CuTe, autotuned)",bwd,32768,8192,bfloat16,float32,float32,1e-06,3.62646,False,538.352013,537.220824,542.012817,1610809344,2992.111678,3182.324817,94.022825,2,3221618688,157286400,False,12
2,quack,quack.rmsnorm.rmsnorm_bwd (CuTe),bwd,32768,8192,bfloat16,float32,float32,1e-06,2.01717,False,592.712015,590.344018,593.255985,1610809344,2717.693084,3182.324817,85.399613,2,3221618688,157286400,False,12
2,torch,torch.nn.functional.rms_norm autograd,bwd,32768,8192,bfloat16,float32,float32,1e-06,,False,10055.327892,10026.987648,10140.464211,1610809344,160.194611,3182.324817,5.033886,2,3221618688,157286400,False,12
2,quack_tuned,"quack.rmsnorm.rmsnorm_fwd_tuned (CuTe, autotuned)",fwd,32768,8192,float32,float32,same,1e-06,4.648444,False,711.239994,709.2816,777.276778,2147516416,3019.397721,3182.324817,94.880249,2,4295032832,157286400,False,12
2,quack,quack.rmsnorm.rmsnorm_fwd (CuTe),fwd,32768,8192,float32,float32,same,1e-06,2.14974,False,712.879986,712.273592,714.094424,2147516416,3012.451548,3182.324817,94.661976,2,4295032832,157286400,False,12
2,torch,torch.nn.functional.rms_norm,fwd,32768,8192,float32,float32,same,1e-06,,False,1066.672027,1065.555191,1072.104001,2147516416,2013.286522,3182.324817,63.264646,2,4295032832,157286400,False,12
2,quack_tuned,"quack.rmsnorm.rmsnorm_bwd_tuned (CuTe, autotuned)",bwd,32768,8192,float32,float32,same,1e-06,4.735176,False,1082.928002,1078.062356,1086.694443,3221422080,2974.733384,3182.324817,93.476737,2,6442844160,157286400,False,12
2,quack,quack.rmsnorm.rmsnorm_bwd (CuTe),bwd,32768,8192,float32,float32,same,1e-06,2.423642,False,1105.159998,1100.331211,1109.502399,3221422080,2914.892039,3182.324817,91.596308,2,6442844160,157286400,False,12
2,torch,torch.nn.functional.rms_norm autograd,bwd,32768,8192,float32,float32,same,1e-06,,False,2447.560072,2446.300888,2456.993675,3221422080,1316.176921,3182.324817,41.358975,2,6442844160,157286400,False,12
